Seq_1_Pos_1769327,FJ868253,uncultured bacterium,98,1.10e-41
Seq_1_Pos_1769327,MT066101,Bacillus sp. (in: Bacteria),95,5.12e-40
Seq_1_Pos_1769327,CP036528,Ureibacillus thermophilus,95,5.12e-40
Seq_1_Pos_1769327,CP036528,Ureibacillus thermophilus,92,2.38e-38
Seq_1_Pos_1769327,MF693686,uncultured bacterium,95,5.12e-40
Seq_1_Pos_1769327,MF601356,uncultured bacterium,95,5.12e-40
Seq_1_Pos_1769327,MH222319,uncultured bacterium,95,5.12e-40
Seq_1_Pos_1769327,MH150748,uncultured bacterium,95,5.12e-40
Seq_1_Pos_1769327,MH150642,uncultured bacterium,95,5.12e-40
Seq_1_Pos_1769327,MH146904,uncultured bacterium,95,5.12e-40
Seq_1_Pos_1769327,MH111647,Enterococcus gallinarum,95,5.12e-40
Seq_1_Pos_1769327,LC315768,Ureibacillus sp.,95,5.12e-40
Seq_1_Pos_1769327,KX815279,Ureibacillus sp.,95,5.12e-40
Seq_1_Pos_1769327,KX815273,Ureibacillus sp.,95,5.12e-40
Seq_1_Pos_1769327,MF079516,uncultured bacterium,95,5.12e-40
Seq_1_Pos_1769327,KY300607,uncultured bacterium,95,5.12e-40
Seq_1_Pos_1769327,KY297709,uncultured bacterium,95,5.12e-40
Seq_1_Pos_1769327,KY297322,uncultured bacterium,95,5.12e-40
Seq_1_Pos_1769327,KX993699,uncultured bacterium,95,5.12e-40
Seq_1_Pos_1769327,KX993450,uncultured bacterium,95,5.12e-40
Seq_1_Pos_1769327,KX878168,uncultured bacterium,95,5.12e-40
Seq_1_Pos_1769327,KX876007,uncultured bacterium,95,5.12e-40
Seq_1_Pos_1769327,KX875003,uncultured bacterium,95,5.12e-40
Seq_1_Pos_1769327,KX243882,uncultured bacterium,95,5.12e-40
Seq_1_Pos_1769327,KR852263,uncultured bacterium,95,5.12e-40
Seq_1_Pos_1769327,KU070612,uncultured microorganism,95,5.12e-40
Seq_1_Pos_1769327,KU069441,uncultured microorganism,95,5.12e-40
Seq_1_Pos_1769327,KU067974,uncultured microorganism,95,5.12e-40
Seq_1_Pos_1769327,KU008613,uncultured microorganism,95,5.12e-40
Seq_1_Pos_1769327,KT067079,uncultured prokaryote,95,5.12e-40
Seq_1_Pos_1769327,KT066748,uncultured prokaryote,95,5.12e-40
Seq_1_Pos_1769327,KP065439,uncultured bacterium,95,5.12e-40
Seq_1_Pos_1769327,AB946724,uncultured prokaryote,95,5.12e-40
Seq_1_Pos_1769327,KJ650714,uncultured Bacilli bacterium,95,5.12e-40
Seq_1_Pos_1769327,KF581355,uncultured Ureibacillus sp.,95,5.12e-40
Seq_1_Pos_1769327,KC736203,uncultured bacterium,95,5.12e-40
Seq_1_Pos_1769327,MW802772,Ureibacillus thermophilus,95,5.12e-40
Seq_1_Pos_1769327,JN417565,uncultured soil bacterium,95,5.12e-40
Seq_1_Pos_1769327,JQ077622,uncultured bacterium,95,5.12e-40
Seq_1_Pos_1769327,AB744529,uncultured bacterium,95,5.12e-40
Seq_1_Pos_1769327,AB682456,Ureibacillus thermophilus,95,5.12e-40
Seq_1_Pos_1769327,AB682454,Ureibacillus composti,95,5.12e-40
Seq_1_Pos_1769327,GU591341,uncultured Bacillus sp.,95,5.12e-40
Seq_1_Pos_1769327,HM059723,Ureibacillus sp. enrichment culture clone W2-6,95,5.12e-40
Seq_1_Pos_1769327,FN667417,uncultured compost bacterium,95,5.12e-40
Seq_1_Pos_1769327,FN667317,uncultured compost bacterium,95,5.12e-40
Seq_1_Pos_1769327,NR_117002,Microaerobacter geothermalis,95,5.12e-40
Seq_1_Pos_1769327,EU638645,uncultured Ureibacillus sp.,95,5.12e-40
Seq_1_Pos_1769327,EU160333,uncultured bacterium,95,5.12e-40
Seq_1_Pos_1769327,EU160113,uncultured bacterium,95,5.12e-40
Seq_1_Pos_1769327,DQ153975,Ureibacillus thermosphaericus,95,5.12e-40
Seq_1_Pos_1769327,DQ153967,Ureibacillus thermosphaericus,95,5.12e-40
Seq_1_Pos_1769327,DQ153960,Ureibacillus thermosphaericus,95,5.12e-40
Seq_1_Pos_1769327,NR_043232,Ureibacillus suwonensis,95,5.12e-40
Seq_1_Pos_1769327,NR_043747,Ureibacillus thermophilus,95,5.12e-40
Seq_1_Pos_1769327,NR_043746,Ureibacillus composti,95,5.12e-40
Seq_1_Pos_1769327,AB170018,Ureibacillus sp. MM122,95,5.12e-40
Seq_1_Pos_1769327,KX623692,uncultured bacterium,94,1.84e-39
Seq_1_Pos_1769327,KP924551,uncultured bacterium,94,1.84e-39
Seq_1_Pos_1769327,LC315771,Ureibacillus sp.,93,6.62e-39
Seq_1_Pos_1769327,LT631780,Ureibacillus suwonensis,93,6.62e-39
Seq_1_Pos_1769327,OK298946,Ureibacillus sp.,93,6.62e-39
Seq_1_Pos_1769327,AF403022,Bacillus sp. S13,93,6.62e-39
Seq_1_Pos_1769327,MF047422,uncultured bacterium,92,2.38e-38
Seq_1_Pos_1769327,MT579943,Enterococcus faecalis,92,2.38e-38
Seq_1_Pos_1769327,MH289356,uncultured bacterium,92,2.38e-38
Seq_1_Pos_1769327,MH289283,uncultured bacterium,92,2.38e-38
Seq_1_Pos_1769327,MT367308,Oxalophagus oxalicus,92,2.38e-38
Seq_1_Pos_1769327,MT356132,Pilibacter termitis,92,2.38e-38
Seq_1_Pos_1769327,MN171939,uncultured Bacilli bacterium,92,2.38e-38
Seq_1_Pos_1769327,MN686588,Listeria valentina,92,2.38e-38
Seq_1_Pos_1769327,MT178222,Listeria aquatica,92,2.38e-38
Seq_1_Pos_1769327,MN474376,uncultured bacterium,92,2.38e-38
Seq_1_Pos_1769327,LR760298,Listeria sp. PSOL-1,92,2.38e-38
Seq_1_Pos_1769327,LR760298,Listeria sp. PSOL-1,92,2.38e-38
Seq_1_Pos_1769327,LR760298,Listeria sp. PSOL-1,92,2.38e-38
Seq_1_Pos_1769327,LR760298,Listeria sp. PSOL-1,92,2.38e-38
Seq_1_Pos_1769327,MT000142,Enterococcus faecium,92,2.38e-38
Seq_1_Pos_1769327,MK904267,uncultured Bacilli bacterium,92,2.38e-38
Seq_1_Pos_1769327,MN514539,uncultured Listeria sp.,92,2.38e-38
Seq_1_Pos_1769327,MN511785,Ureibacillus thermosphaericus,92,2.38e-38
Seq_1_Pos_1769327,LC392347,uncultured prokaryote,92,2.38e-38
Seq_1_Pos_1769327,LC480677,uncultured bacterium,92,2.38e-38
Seq_1_Pos_1769327,MN251026,Bacillus sp. (in: Bacteria),92,2.38e-38
Seq_1_Pos_1769327,MN212426,uncultured bacterium,92,2.38e-38
Seq_1_Pos_1769327,MN211685,uncultured bacterium,92,2.38e-38
Seq_1_Pos_1769327,MN209884,uncultured bacterium,92,2.38e-38
Seq_1_Pos_1769327,MN025223,uncultured prokaryote,92,2.38e-38
Seq_1_Pos_1769327,MN025209,uncultured prokaryote,92,2.38e-38
Seq_1_Pos_1769327,MN024435,uncultured prokaryote,92,2.38e-38
Seq_1_Pos_1769327,MN024295,uncultured prokaryote,92,2.38e-38
Seq_1_Pos_1769327,MN023996,uncultured prokaryote,92,2.38e-38
Seq_1_Pos_1769327,MN023922,uncultured prokaryote,92,2.38e-38
Seq_1_Pos_1769327,MN023914,uncultured prokaryote,92,2.38e-38
Seq_1_Pos_1769327,MN031299,Bacillus sp. (in: Bacteria),92,2.38e-38
Seq_1_Pos_1769327,MN031298,Bacillus sp. (in: Bacteria),92,2.38e-38
Seq_1_Pos_1769327,MN031297,Bacillus sp. (in: Bacteria),92,2.38e-38
Seq_1_Pos_1769327,MN031294,Bacillus sp. (in: Bacteria),92,2.38e-38
Seq_1_Pos_1769327,MN031293,Bacillus sp. (in: Bacteria),92,2.38e-38
Seq_1_Pos_1769327,LR215832,Ureibacillus thermosphaericus,92,2.38e-38
Seq_1_Pos_1769327,MK568364,Pseudalkalibacillus berkeleyi,92,2.38e-38
Seq_1_Pos_1769327,MK174378,Listeria costaricensis,92,2.38e-38
Seq_1_Pos_1769327,MH977554,uncultured bacterium,92,2.38e-38
Seq_1_Pos_1769327,MH976952,uncultured bacterium,92,2.38e-38
Seq_1_Pos_1769327,MH976909,uncultured bacterium,92,2.38e-38
Seq_1_Pos_1769327,MH414222,uncultured microorganism,92,2.38e-38
Seq_1_Pos_1769327,MK014484,Listeria thailandensis,92,2.38e-38
Seq_1_Pos_1769327,MF652075,Listeria floridensis,92,2.38e-38
Seq_1_Pos_1769327,MF652067,Listeria floridensis,92,2.38e-38
Seq_1_Pos_1769327,MH912469,uncultured Enterococcus sp.,92,2.38e-38
Seq_1_Pos_1769327,MH912021,uncultured Erysipelotrichaceae bacterium,92,2.38e-38
Seq_1_Pos_1769327,MH853839,Listeria kieliensis,92,2.38e-38
Seq_1_Pos_1769327,MH337774,uncultured bacterium,92,2.38e-38
Seq_1_Pos_1769327,MH337676,uncultured bacterium,92,2.38e-38
Seq_1_Pos_1769327,MF895985,uncultured Erysipelotrichaceae bacterium,92,2.38e-38
Seq_1_Pos_1769327,MF693697,uncultured bacterium,92,2.38e-38
Seq_1_Pos_1769327,MK418435,Ureibacillus terrenus,92,2.38e-38
Seq_1_Pos_1769327,MK418434,Anoxybacillus sp.,92,2.38e-38
Seq_1_Pos_1769327,MK418407,Anoxybacillus sp.,92,2.38e-38
Seq_1_Pos_1769327,MK418247,Ureibacillus thermosphaericus,92,2.38e-38
Seq_1_Pos_1769327,MK418246,Ureibacillus thermosphaericus,92,2.38e-38
Seq_1_Pos_1769327,KY280883,uncultured bacterium,92,2.38e-38
Seq_1_Pos_1769327,MG101415,uncultured bacterium,92,2.38e-38
Seq_1_Pos_1769327,MF623190,Enterococcus faecium,92,2.38e-38
Seq_1_Pos_1769327,MF449178,Bacillus sp. (in: Bacteria),92,2.38e-38
Seq_1_Pos_1769327,MH386689,uncultured prokaryote,92,2.38e-38
Seq_1_Pos_1769327,MH385756,uncultured prokaryote,92,2.38e-38
Seq_1_Pos_1769327,MG855058,uncultured prokaryote,92,2.38e-38
Seq_1_Pos_1769327,MG854523,uncultured prokaryote,92,2.38e-38
Seq_1_Pos_1769327,MG853497,uncultured prokaryote,92,2.38e-38
Seq_1_Pos_1769327,KY692503,uncultured bacterium,92,2.38e-38
Seq_1_Pos_1769327,MH223234,uncultured bacterium,92,2.38e-38
Seq_1_Pos_1769327,MH223196,uncultured bacterium,92,2.38e-38
Seq_1_Pos_1769327,MH222188,uncultured bacterium,92,2.38e-38
Seq_1_Pos_1769327,MH222185,uncultured bacterium,92,2.38e-38
Seq_1_Pos_1769327,MH154859,uncultured bacterium,92,2.38e-38
Seq_1_Pos_1769327,MH154781,uncultured bacterium,92,2.38e-38
Seq_1_Pos_1769327,MH154271,uncultured bacterium,92,2.38e-38
Seq_1_Pos_1769327,MH154263,uncultured bacterium,92,2.38e-38
Seq_1_Pos_1769327,MH148722,uncultured bacterium,92,2.38e-38
Seq_1_Pos_1769327,MH148713,uncultured bacterium,92,2.38e-38
Seq_1_Pos_1769327,MH148474,uncultured bacterium,92,2.38e-38
Seq_1_Pos_1769327,MH148464,uncultured bacterium,92,2.38e-38
Seq_1_Pos_1769327,MH147148,uncultured bacterium,92,2.38e-38
Seq_1_Pos_1769327,MH146764,uncultured bacterium,92,2.38e-38
Seq_1_Pos_1769327,MH146140,uncultured bacterium,92,2.38e-38
Seq_1_Pos_1769327,MH146062,uncultured bacterium,92,2.38e-38
Seq_1_Pos_1769327,MH145552,uncultured bacterium,92,2.38e-38
Seq_1_Pos_1769327,MH145544,uncultured bacterium,92,2.38e-38
Seq_1_Pos_1769327,KY877778,uncultured bacterium,92,2.38e-38
Seq_1_Pos_1769327,MH113147,Ureibacillus sp.,92,2.38e-38
Seq_1_Pos_1769327,MH097155,uncultured bacterium,92,2.38e-38
Seq_1_Pos_1769327,MH097016,uncultured bacterium,92,2.38e-38
Seq_1_Pos_1769327,MH096966,uncultured bacterium,92,2.38e-38
Seq_1_Pos_1769327,KY628935,Saccharococcus sp.,92,2.38e-38
Seq_1_Pos_1769327,LC250939,uncultured prokaryote,92,2.38e-38
Seq_1_Pos_1769327,LC243520,uncultured prokaryote,92,2.38e-38
Seq_1_Pos_1769327,LC238632,uncultured prokaryote,92,2.38e-38
Seq_1_Pos_1769327,MG928725,uncultured bacterium,92,2.38e-38
Seq_1_Pos_1769327,KY479177,uncultured Lactobacillus sp.,92,2.38e-38
Seq_1_Pos_1769327,LC315767,Ureibacillus sp.,92,2.38e-38
Seq_1_Pos_1769327,LC315744,Bacillus sp. (in: Bacteria),92,2.38e-38
Seq_1_Pos_1769327,MF406366,uncultured bacterium,92,2.38e-38
Seq_1_Pos_1769327,MG811066,uncultured anaerobic bacterium,92,2.38e-38
Seq_1_Pos_1769327,MG810655,uncultured anaerobic bacterium,92,2.38e-38
Seq_1_Pos_1769327,MG809734,uncultured anaerobic bacterium,92,2.38e-38
Seq_1_Pos_1769327,MG770357,Ureibacillus thermosphaericus,92,2.38e-38
Seq_1_Pos_1769327,MG768973,Ureibacillus thermosphaericus,92,2.38e-38
Seq_1_Pos_1769327,MG693443,Bacillus sp. (in: Bacteria),92,2.38e-38
Seq_1_Pos_1769327,MG693300,Pseudalkalibacillus berkeleyi,92,2.38e-38
Seq_1_Pos_1769327,MG661737,Anoxybacillus sediminis,92,2.38e-38
Seq_1_Pos_1769327,MG651569,Pseudalkalibacillus berkeleyi,92,2.38e-38
Seq_1_Pos_1769327,MG651390,Pseudalkalibacillus berkeleyi,92,2.38e-38
Seq_1_Pos_1769327,MG651224,Ureibacillus thermosphaericus,92,2.38e-38
Seq_1_Pos_1769327,MG651218,Ureibacillus thermosphaericus,92,2.38e-38
Seq_1_Pos_1769327,MG651214,Bacillus sp. (in: Bacteria),92,2.38e-38
Seq_1_Pos_1769327,MG651213,Bacillus sp. (in: Bacteria),92,2.38e-38
Seq_1_Pos_1769327,MG651144,Ureibacillus thermosphaericus,92,2.38e-38
Seq_1_Pos_1769327,MF431439,uncultured bacterium,92,2.38e-38
Seq_1_Pos_1769327,MG639604,uncultured prokaryote,92,2.38e-38
Seq_1_Pos_1769327,CP018061,Enterococcus mundtii,92,2.38e-38
Seq_1_Pos_1769327,CP018061,Enterococcus mundtii,89,1.11e-36
Seq_1_Pos_1769327,CP018061,Enterococcus mundtii,89,1.11e-36
Seq_1_Pos_1769327,CP018061,Enterococcus mundtii,89,1.11e-36
Seq_1_Pos_1769327,CP018061,Enterococcus mundtii,89,1.11e-36
Seq_1_Pos_1769327,CP018061,Enterococcus mundtii,89,1.11e-36
Seq_1_Pos_1769327,KU155372,uncultured bacterium,92,2.38e-38
Seq_1_Pos_1769327,KU149600,uncultured bacterium,92,2.38e-38
Seq_1_Pos_1769327,MG370943,uncultured bacterium,92,2.38e-38
Seq_1_Pos_1769327,MG369222,uncultured bacterium,92,2.38e-38
Seq_1_Pos_1769327,MG286520,uncultured bacterium,92,2.38e-38
Seq_1_Pos_1769327,MF494019,uncultured Bacillus sp.,92,2.38e-38
Seq_1_Pos_1769327,MG002322,uncultured bacterium,92,2.38e-38
Seq_1_Pos_1769327,MG002316,uncultured bacterium,92,2.38e-38
Seq_1_Pos_1769327,MG002293,uncultured bacterium,92,2.38e-38
Seq_1_Pos_1769327,MG002292,uncultured bacterium,92,2.38e-38
Seq_1_Pos_1769327,MG002211,uncultured bacterium,92,2.38e-38
Seq_1_Pos_1769327,MF613639,uncultured bacterium,92,2.38e-38
Seq_1_Pos_1769327,MF565851,Pseudalkalibacillus berkeleyi,92,2.38e-38
Seq_1_Pos_1769327,MF557355,uncultured bacterium,92,2.38e-38
Seq_1_Pos_1769327,MF522829,Ureibacillus thermosphaericus,92,2.38e-38
Seq_1_Pos_1769327,KY910064,Listeria sp.,92,2.38e-38
Seq_1_Pos_1769327,LC305350,uncultured prokaryote,92,2.38e-38
Seq_1_Pos_1769327,MF373970,uncultured bacterium,92,2.38e-38
Seq_1_Pos_1769327,MF366170,uncultured bacterium,92,2.38e-38
Seq_1_Pos_1769327,AP018335,Ureibacillus thermosphaericus,92,2.38e-38
Seq_1_Pos_1769327,AP018335,Ureibacillus thermosphaericus,92,2.38e-38
Seq_1_Pos_1769327,AP018335,Ureibacillus thermosphaericus,92,2.38e-38
Seq_1_Pos_1769327,AP018335,Ureibacillus thermosphaericus,92,2.38e-38
Seq_1_Pos_1769327,AP018335,Ureibacillus thermosphaericus,92,2.38e-38
Seq_1_Pos_1769327,AP018335,Ureibacillus thermosphaericus,92,2.38e-38
Seq_1_Pos_1769327,AP018335,Ureibacillus thermosphaericus,92,2.38e-38
Seq_1_Pos_1769327,AP018335,Ureibacillus thermosphaericus,92,2.38e-38
Seq_1_Pos_1769327,AP018335,Ureibacillus thermosphaericus,92,2.38e-38
Seq_1_Pos_1769327,MF258881,uncultured bacterium,92,2.38e-38
Seq_1_Pos_1769327,MF079560,uncultured bacterium,92,2.38e-38
Seq_1_Pos_1769327,KY672514,uncultured bacterium,92,2.38e-38
Seq_1_Pos_1769327,KX840459,Bacillus sp. (in: Bacteria),92,2.38e-38
Seq_1_Pos_1769327,KY299645,uncultured bacterium,92,2.38e-38
Seq_1_Pos_1769327,KY298917,uncultured bacterium,92,2.38e-38
Seq_1_Pos_1769327,KY298770,uncultured bacterium,92,2.38e-38
Seq_1_Pos_1769327,KY297043,uncultured bacterium,92,2.38e-38
Seq_1_Pos_1769327,KX068669,Bacillus sp. (in: Bacteria),92,2.38e-38
Seq_1_Pos_1769327,KY234771,uncultured bacterium,92,2.38e-38
Seq_1_Pos_1769327,KY129767,Listeria sp. ILCC792;Listeria sp. ILCC796;Listeria sp. ILCC797;Listeria sp. ILCC804;Listeria sp. ILCC806;Listeria sp. ILCC810,92,2.38e-38
Seq_1_Pos_1769327,KU969921,uncultured bacterium,92,2.38e-38
Seq_1_Pos_1769327,KU969389,uncultured bacterium,92,2.38e-38
Seq_1_Pos_1769327,KX460699,uncultured Erysipelothrix sp.,92,2.38e-38
Seq_1_Pos_1769327,KX460592,uncultured Erysipelothrix sp.,92,2.38e-38
Seq_1_Pos_1769327,KX459900,uncultured Erysipelothrix sp.,92,2.38e-38
Seq_1_Pos_1769327,KX459700,uncultured Erysipelothrix sp.,92,2.38e-38
Seq_1_Pos_1769327,KY049571,uncultured bacterium,92,2.38e-38
Seq_1_Pos_1769327,KX994887,uncultured bacterium,92,2.38e-38
Seq_1_Pos_1769327,KX994671,uncultured bacterium,92,2.38e-38
Seq_1_Pos_1769327,KX994583,uncultured bacterium,92,2.38e-38
Seq_1_Pos_1769327,KX994128,uncultured bacterium,92,2.38e-38
Seq_1_Pos_1769327,KX994122,uncultured bacterium,92,2.38e-38
Seq_1_Pos_1769327,KX993589,uncultured bacterium,92,2.38e-38
Seq_1_Pos_1769327,KX991421,uncultured bacterium,92,2.38e-38
Seq_1_Pos_1769327,KX878512,uncultured bacterium,92,2.38e-38
Seq_1_Pos_1769327,KX878239,uncultured bacterium,92,2.38e-38
Seq_1_Pos_1769327,KX877639,uncultured bacterium,92,2.38e-38
Seq_1_Pos_1769327,KX877630,uncultured bacterium,92,2.38e-38
Seq_1_Pos_1769327,KX877432,uncultured bacterium,92,2.38e-38
Seq_1_Pos_1769327,KX876450,uncultured bacterium,92,2.38e-38
Seq_1_Pos_1769327,KX875882,uncultured bacterium,92,2.38e-38
Seq_1_Pos_1769327,KX875430,uncultured bacterium,92,2.38e-38
Seq_1_Pos_1769327,KX768749,Bacillus sp. CAU 1339,92,2.38e-38
Seq_1_Pos_1769327,KT974375,uncultured prokaryote,92,2.38e-38
Seq_1_Pos_1769327,KX753055,uncultured bacterium,92,2.38e-38
Seq_1_Pos_1769327,KX654016,uncultured bacterium,92,2.38e-38
Seq_1_Pos_1769327,KX653737,uncultured bacterium,92,2.38e-38
Seq_1_Pos_1769327,KX635230,uncultured bacterium,92,2.38e-38
Seq_1_Pos_1769327,KX624637,uncultured bacterium,92,2.38e-38
Seq_1_Pos_1769327,KX623592,uncultured bacterium,92,2.38e-38
Seq_1_Pos_1769327,KT171424,uncultured prokaryote,92,2.38e-38
Seq_1_Pos_1769327,KT169027,uncultured prokaryote,92,2.38e-38
Seq_1_Pos_1769327,KX032273,uncultured bacterium,92,2.38e-38
Seq_1_Pos_1769327,KX155503,Listeria sp. PSOL-1,92,2.38e-38
Seq_1_Pos_1769327,KR363104,Listeria goaensis,92,2.38e-38
Seq_1_Pos_1769327,KU088471,uncultured microorganism,92,2.38e-38
Seq_1_Pos_1769327,KU087816,uncultured microorganism,92,2.38e-38
Seq_1_Pos_1769327,KU081859,uncultured microorganism,92,2.38e-38
Seq_1_Pos_1769327,KU076861,uncultured microorganism,92,2.38e-38
Seq_1_Pos_1769327,KU076672,uncultured microorganism,92,2.38e-38
Seq_1_Pos_1769327,KU073921,uncultured microorganism,92,2.38e-38
Seq_1_Pos_1769327,KU073768,uncultured microorganism,92,2.38e-38
Seq_1_Pos_1769327,KU072321,uncultured microorganism,92,2.38e-38
Seq_1_Pos_1769327,KU068446,uncultured microorganism,92,2.38e-38
Seq_1_Pos_1769327,KU068079,uncultured microorganism,92,2.38e-38
Seq_1_Pos_1769327,KU067329,uncultured microorganism,92,2.38e-38
Seq_1_Pos_1769327,KU029990,uncultured microorganism,92,2.38e-38
Seq_1_Pos_1769327,KU029837,uncultured microorganism,92,2.38e-38
Seq_1_Pos_1769327,KU029715,uncultured microorganism,92,2.38e-38
Seq_1_Pos_1769327,KU028826,uncultured microorganism,92,2.38e-38
Seq_1_Pos_1769327,KU028241,uncultured microorganism,92,2.38e-38
Seq_1_Pos_1769327,KU028107,uncultured microorganism,92,2.38e-38
Seq_1_Pos_1769327,KU023327,uncultured microorganism,92,2.38e-38
Seq_1_Pos_1769327,KU022659,uncultured microorganism,92,2.38e-38
Seq_1_Pos_1769327,KU021272,uncultured microorganism,92,2.38e-38
Seq_1_Pos_1769327,KU020056,uncultured microorganism,92,2.38e-38
Seq_1_Pos_1769327,KU019291,uncultured microorganism,92,2.38e-38
Seq_1_Pos_1769327,KU018221,uncultured microorganism,92,2.38e-38
Seq_1_Pos_1769327,KU012701,uncultured microorganism,92,2.38e-38
Seq_1_Pos_1769327,KU011180,uncultured microorganism,92,2.38e-38
Seq_1_Pos_1769327,KU011123,uncultured microorganism,92,2.38e-38
Seq_1_Pos_1769327,KU006127,uncultured microorganism,92,2.38e-38
Seq_1_Pos_1769327,KU006036,uncultured microorganism,92,2.38e-38
Seq_1_Pos_1769327,KU004407,uncultured microorganism,92,2.38e-38
Seq_1_Pos_1769327,KU004239,uncultured microorganism,92,2.38e-38
Seq_1_Pos_1769327,KU003008,uncultured microorganism,92,2.38e-38
Seq_1_Pos_1769327,KU002928,uncultured microorganism,92,2.38e-38
Seq_1_Pos_1769327,KU002825,uncultured microorganism,92,2.38e-38
Seq_1_Pos_1769327,KU002502,uncultured microorganism,92,2.38e-38
Seq_1_Pos_1769327,KU001330,uncultured microorganism,92,2.38e-38
Seq_1_Pos_1769327,KU656666,uncultured archaeon,92,2.38e-38
Seq_1_Pos_1769327,KU656647,uncultured archaeon,92,2.38e-38
Seq_1_Pos_1769327,KU656254,uncultured archaeon,92,2.38e-38
Seq_1_Pos_1769327,KU117577,uncultured bacterium,92,2.38e-38
Seq_1_Pos_1769327,KU112629,uncultured bacterium,92,2.38e-38
Seq_1_Pos_1769327,KU105892,uncultured bacterium,92,2.38e-38
Seq_1_Pos_1769327,KU103821,uncultured bacterium,92,2.38e-38
Seq_1_Pos_1769327,KU099356,uncultured bacterium,92,2.38e-38
Seq_1_Pos_1769327,KU098110,uncultured bacterium,92,2.38e-38
Seq_1_Pos_1769327,KU336435,uncultured bacterium,92,2.38e-38
Seq_1_Pos_1769327,KU328900,uncultured bacterium,92,2.38e-38
Seq_1_Pos_1769327,CP014566,Mycobacterium tuberculosis variant bovis BCG str. Tokyo 172,92,2.38e-38
Seq_1_Pos_1769327,KU543373,uncultured bacterium,92,2.38e-38
Seq_1_Pos_1769327,KT938424,uncultured Bacillaceae bacterium,92,2.38e-38
Seq_1_Pos_1769327,KT722837,Enterococcus sp. JM10,92,2.38e-38
Seq_1_Pos_1769327,KP804946,uncultured bacterium,92,2.38e-38
Seq_1_Pos_1769327,LC107475,Thermobacillus composti,92,2.38e-38
Seq_1_Pos_1769327,KT443925,Thermobacillus composti,92,2.38e-38
Seq_1_Pos_1769327,KT360627,uncultured bacterium,92,2.38e-38
Seq_1_Pos_1769327,KT360568,uncultured bacterium,92,2.38e-38
Seq_1_Pos_1769327,KT351635,Ureibacillus thermosphaericus,92,2.38e-38
Seq_1_Pos_1769327,KM979203,Bacillus sp. H2-82,92,2.38e-38
Seq_1_Pos_1769327,KM979096,Bacillus sp. H1-103,92,2.38e-38
Seq_1_Pos_1769327,KU174135,Ureibacillus sp. FZSF03,92,2.38e-38
Seq_1_Pos_1769327,KP181819,uncultured Macrococcus sp.,92,2.38e-38
Seq_1_Pos_1769327,KP948528,uncultured bacterium,92,2.38e-38
Seq_1_Pos_1769327,EF029442,uncultured bacterium,92,2.38e-38
Seq_1_Pos_1769327,HG991815,uncultured bacterium;uncultured Thermobacillus sp.,92,2.38e-38
Seq_1_Pos_1769327,KT067245,uncultured prokaryote,92,2.38e-38
Seq_1_Pos_1769327,KT066639,uncultured prokaryote,92,2.38e-38
Seq_1_Pos_1769327,KT066345,uncultured prokaryote,92,2.38e-38
Seq_1_Pos_1769327,KT065594,uncultured prokaryote,92,2.38e-38
Seq_1_Pos_1769327,KT064942,uncultured prokaryote,92,2.38e-38
Seq_1_Pos_1769327,KT064919,uncultured prokaryote,92,2.38e-38
Seq_1_Pos_1769327,KT064166,uncultured prokaryote,92,2.38e-38
Seq_1_Pos_1769327,KT062395,uncultured prokaryote,92,2.38e-38
Seq_1_Pos_1769327,KT061301,uncultured prokaryote,92,2.38e-38
Seq_1_Pos_1769327,KT061218,uncultured prokaryote,92,2.38e-38
Seq_1_Pos_1769327,KT060501,uncultured prokaryote,92,2.38e-38
Seq_1_Pos_1769327,KT055577,uncultured prokaryote,92,2.38e-38
Seq_1_Pos_1769327,KT053893,uncultured prokaryote,92,2.38e-38
Seq_1_Pos_1769327,KT053136,uncultured prokaryote,92,2.38e-38
Seq_1_Pos_1769327,KT050879,uncultured prokaryote,92,2.38e-38
Seq_1_Pos_1769327,KT050548,uncultured prokaryote,92,2.38e-38
Seq_1_Pos_1769327,KT047221,uncultured prokaryote,92,2.38e-38
Seq_1_Pos_1769327,KT046818,uncultured prokaryote,92,2.38e-38
Seq_1_Pos_1769327,KT045416,uncultured prokaryote,92,2.38e-38
Seq_1_Pos_1769327,KT044117,uncultured prokaryote,92,2.38e-38
Seq_1_Pos_1769327,KT043996,uncultured prokaryote,92,2.38e-38
Seq_1_Pos_1769327,KT043822,uncultured prokaryote,92,2.38e-38
Seq_1_Pos_1769327,KT043365,uncultured prokaryote,92,2.38e-38
Seq_1_Pos_1769327,KT043179,uncultured prokaryote,92,2.38e-38
Seq_1_Pos_1769327,KT042832,uncultured prokaryote,92,2.38e-38
Seq_1_Pos_1769327,KT042186,uncultured prokaryote,92,2.38e-38
Seq_1_Pos_1769327,KT040411,uncultured prokaryote,92,2.38e-38
Seq_1_Pos_1769327,KT039810,uncultured prokaryote,92,2.38e-38
Seq_1_Pos_1769327,KT039190,uncultured prokaryote,92,2.38e-38
Seq_1_Pos_1769327,KT038901,uncultured prokaryote,92,2.38e-38
Seq_1_Pos_1769327,KT038546,uncultured prokaryote,92,2.38e-38
Seq_1_Pos_1769327,KT038493,uncultured prokaryote,92,2.38e-38
Seq_1_Pos_1769327,KR935992,uncultured bacterium,92,2.38e-38
Seq_1_Pos_1769327,KR935978,uncultured bacterium,92,2.38e-38
Seq_1_Pos_1769327,KR476448,Pseudalkalibacillus berkeleyi,92,2.38e-38
Seq_1_Pos_1769327,KT789365,uncultured bacterium,92,2.38e-38
Seq_1_Pos_1769327,KT786522,uncultured bacterium,92,2.38e-38
Seq_1_Pos_1769327,KR109190,Bacillus sp. JSM 102029,92,2.38e-38
Seq_1_Pos_1769327,KT029343,uncultured bacterium,92,2.38e-38
Seq_1_Pos_1769327,KP706830,Pseudalkalibacillus berkeleyi,92,2.38e-38
Seq_1_Pos_1769327,KP517740,uncultured bacterium,92,2.38e-38
Seq_1_Pos_1769327,KP517405,uncultured bacterium,92,2.38e-38
Seq_1_Pos_1769327,KP485536,uncultured bacterium,92,2.38e-38
Seq_1_Pos_1769327,KP464234,uncultured bacterium;uncultured Bacillus sp.,92,2.38e-38
Seq_1_Pos_1769327,KP927226,uncultured bacterium,92,2.38e-38
Seq_1_Pos_1769327,KP924717,uncultured bacterium,92,2.38e-38
Seq_1_Pos_1769327,KP924219,uncultured bacterium,92,2.38e-38
Seq_1_Pos_1769327,KP923713,uncultured bacterium,92,2.38e-38
Seq_1_Pos_1769327,KP915455,uncultured bacterium,92,2.38e-38
Seq_1_Pos_1769327,KP915333,uncultured bacterium,92,2.38e-38
Seq_1_Pos_1769327,KP915113,uncultured bacterium,92,2.38e-38
Seq_1_Pos_1769327,KP912086,uncultured bacterium,92,2.38e-38
Seq_1_Pos_1769327,KP911841,uncultured bacterium,92,2.38e-38
Seq_1_Pos_1769327,KP909715,uncultured bacterium,92,2.38e-38
Seq_1_Pos_1769327,KP907745,uncultured bacterium,92,2.38e-38
Seq_1_Pos_1769327,KP906163,uncultured bacterium,92,2.38e-38
Seq_1_Pos_1769327,KP905770,uncultured bacterium,92,2.38e-38
Seq_1_Pos_1769327,KP905272,uncultured bacterium,92,2.38e-38
Seq_1_Pos_1769327,KM650555,uncultured Firmicutes bacterium,92,2.38e-38
Seq_1_Pos_1769327,LN849581,uncultured bacterium,92,2.38e-38
Seq_1_Pos_1769327,KP342191,Pseudalkalibacillus decolorationis,92,2.38e-38
Seq_1_Pos_1769327,KR133311,Pseudalkalibacillus berkeleyi,92,2.38e-38
Seq_1_Pos_1769327,KP216566,Ureibacillus thermosphaericus,92,2.38e-38
Seq_1_Pos_1769327,KP204469,Ureibacillus thermosphaericus,92,2.38e-38
Seq_1_Pos_1769327,KP204468,Ureibacillus thermosphaericus,92,2.38e-38
Seq_1_Pos_1769327,KM886377,Pilibacter termitis,92,2.38e-38
Seq_1_Pos_1769327,OP355187,Enterococcus faecium,92,2.38e-38
Seq_1_Pos_1769327,OV996158,Enterococcus mundtii,92,2.38e-38
Seq_1_Pos_1769327,OV996158,Enterococcus mundtii,89,1.11e-36
Seq_1_Pos_1769327,OV996158,Enterococcus mundtii,89,1.11e-36
Seq_1_Pos_1769327,OV996158,Enterococcus mundtii,89,1.11e-36
Seq_1_Pos_1769327,OV996158,Enterococcus mundtii,89,1.11e-36
Seq_1_Pos_1769327,OV996158,Enterococcus mundtii,89,1.11e-36
Seq_1_Pos_1769327,HG999508,Pseudalkalibacillus berkeleyi,92,2.38e-38
Seq_1_Pos_1769327,HG999499,Pseudalkalibacillus berkeleyi,92,2.38e-38
Seq_1_Pos_1769327,HG999398,Pseudalkalibacillus berkeleyi,92,2.38e-38
Seq_1_Pos_1769327,HG999387,Pseudalkalibacillus berkeleyi,92,2.38e-38
Seq_1_Pos_1769327,HG999367,Pseudalkalibacillus berkeleyi,92,2.38e-38
Seq_1_Pos_1769327,HG999535,Pseudalkalibacillus decolorationis,92,2.38e-38
Seq_1_Pos_1769327,HG999533,Pseudalkalibacillus berkeleyi,92,2.38e-38
Seq_1_Pos_1769327,JF809862,Ureibacillus sp. 18UE/10,92,2.38e-38
Seq_1_Pos_1769327,KF815234,Pseudalkalibacillus decolorationis,92,2.38e-38
Seq_1_Pos_1769327,KF815231,Pseudalkalibacillus decolorationis,92,2.38e-38
Seq_1_Pos_1769327,CP074438,Anaerobacillus sp. HL2,92,2.38e-38
Seq_1_Pos_1769327,CP074438,Anaerobacillus sp. HL2,89,1.11e-36
Seq_1_Pos_1769327,CP074438,Anaerobacillus sp. HL2,87,1.43e-35
Seq_1_Pos_1769327,CP074438,Anaerobacillus sp. HL2,86,5.15e-35
Seq_1_Pos_1769327,CP074438,Anaerobacillus sp. HL2,85,1.85e-34
Seq_1_Pos_1769327,CP074438,Anaerobacillus sp. HL2,75,6.71e-29
Seq_1_Pos_1769327,CP074438,Anaerobacillus sp. HL2,65,2.43e-23
Seq_1_Pos_1769327,CP074438,Anaerobacillus sp. HL2,63,3.15e-22
Seq_1_Pos_1769327,ON979410,Bacillus sp. Marseille-Q3570,92,2.38e-38
Seq_1_Pos_1769327,LN564812,uncultured bacterium,92,2.38e-38
Seq_1_Pos_1769327,OW953533,Bacillus sp. (in: Bacteria),92,2.38e-38
Seq_1_Pos_1769327,OW837225,uncultured fungus,92,2.38e-38
Seq_1_Pos_1769327,OW762195,uncultured Gammaproteobacteria bacterium,92,2.38e-38
Seq_1_Pos_1769327,OW762123,uncultured Gammaproteobacteria bacterium,92,2.38e-38
Seq_1_Pos_1769327,OW761766,Bacilli bacterium,92,2.38e-38
Seq_1_Pos_1769327,OW758246,uncultured Bacillales bacterium,92,2.38e-38
Seq_1_Pos_1769327,OW758037,uncultured Bacillales bacterium,92,2.38e-38
Seq_1_Pos_1769327,OW756626,uncultured Staphylococcaceae bacterium,92,2.38e-38
Seq_1_Pos_1769327,OW744150,uncultured Bacillaceae bacterium,92,2.38e-38
Seq_1_Pos_1769327,OM239196,uncultured bacterium,92,2.38e-38
Seq_1_Pos_1769327,LC686262,uncultured bacterium,92,2.38e-38
Seq_1_Pos_1769327,OM538364,uncultured Clostridia bacterium,92,2.38e-38
Seq_1_Pos_1769327,OM538002,uncultured Enterococcus sp.,92,2.38e-38
Seq_1_Pos_1769327,OM536776,uncultured Firmicutes bacterium,92,2.38e-38
Seq_1_Pos_1769327,KJ853676,uncultured bacterium,92,2.38e-38
Seq_1_Pos_1769327,LK937141,uncultured Bacillus sp.,92,2.38e-38
Seq_1_Pos_1769327,KJ842101,Ureibacillus thermosphaericus,92,2.38e-38
Seq_1_Pos_1769327,OL322290,uncultured Bacillus sp.,92,2.38e-38
Seq_1_Pos_1769327,OM287541,Pseudalkalibacillus berkeleyi,92,2.38e-38
Seq_1_Pos_1769327,NR_174240,Anoxybacillus sediminis,92,2.38e-38
Seq_1_Pos_1769327,MZ263388,uncultured Paenibacillaceae bacterium,92,2.38e-38
Seq_1_Pos_1769327,MN663889,uncultured Enterococcus sp.,92,2.38e-38
Seq_1_Pos_1769327,MZ723504,Listeria ilorinensis,92,2.38e-38
Seq_1_Pos_1769327,OL862868,uncultured bacterium,92,2.38e-38
Seq_1_Pos_1769327,OL636202,uncultured Bacillus sp.,92,2.38e-38
Seq_1_Pos_1769327,KF088304,uncultured bacterium,92,2.38e-38
Seq_1_Pos_1769327,KF088089,uncultured bacterium,92,2.38e-38
Seq_1_Pos_1769327,KF076286,uncultured bacterium,92,2.38e-38
Seq_1_Pos_1769327,KJ358787,uncultured bacterium,92,2.38e-38
Seq_1_Pos_1769327,KJ337722,uncultured bacterium,92,2.38e-38
Seq_1_Pos_1769327,KJ313220,uncultured bacterium,92,2.38e-38
Seq_1_Pos_1769327,KJ282860,uncultured bacterium,92,2.38e-38
Seq_1_Pos_1769327,KJ246343,uncultured bacterium,92,2.38e-38
Seq_1_Pos_1769327,KF115871,uncultured Erysipelothrix sp.,92,2.38e-38
Seq_1_Pos_1769327,KF115379,uncultured Erysipelothrix sp.,92,2.38e-38
Seq_1_Pos_1769327,KF115335,uncultured Erysipelothrix sp.,92,2.38e-38
Seq_1_Pos_1769327,KF115222,uncultured Erysipelothrix sp.,92,2.38e-38
Seq_1_Pos_1769327,KF115188,uncultured Erysipelothrix sp.,92,2.38e-38
Seq_1_Pos_1769327,KF115136,uncultured Erysipelothrix sp.,92,2.38e-38
Seq_1_Pos_1769327,KF115103,uncultured Erysipelothrix sp.,92,2.38e-38
Seq_1_Pos_1769327,KF115059,uncultured Erysipelothrix sp.,92,2.38e-38
Seq_1_Pos_1769327,KF114917,uncultured Erysipelothrix sp.,92,2.38e-38
Seq_1_Pos_1769327,KJ546057,uncultured bacterium,92,2.38e-38
Seq_1_Pos_1769327,KJ418250,Bacillus sp. HN01,92,2.38e-38
Seq_1_Pos_1769327,KC848803,uncultured Listeria sp.,92,2.38e-38
Seq_1_Pos_1769327,OL440386,Pseudalkalibacillus berkeleyi,92,2.38e-38
Seq_1_Pos_1769327,OK626585,Alkalihalobacillus sp.,92,2.38e-38
Seq_1_Pos_1769327,OK464811,Alkalihalobacillus sp.,92,2.38e-38
Seq_1_Pos_1769327,OK464810,Alkalihalobacillus sp.,92,2.38e-38
Seq_1_Pos_1769327,OK464809,Alkalihalobacillus sp.,92,2.38e-38
Seq_1_Pos_1769327,OK464808,Alkalihalobacillus sp.,92,2.38e-38
Seq_1_Pos_1769327,AB920546,uncultured bacterium,92,2.38e-38
Seq_1_Pos_1769327,KC815815,Bacillus sp. 60BK5Y10,92,2.38e-38
Seq_1_Pos_1769327,KJ009490,Pseudalkalibacillus decolorationis,92,2.38e-38
Seq_1_Pos_1769327,KF911169,uncultured bacterium,92,2.38e-38
Seq_1_Pos_1769327,OK274268,Alkalihalobacillus sp.,92,2.38e-38
Seq_1_Pos_1769327,OK049921,uncultured bacterium,92,2.38e-38
Seq_1_Pos_1769327,OK049268,uncultured bacterium,92,2.38e-38
Seq_1_Pos_1769327,OK038913,uncultured bacterium,92,2.38e-38
Seq_1_Pos_1769327,OK038652,uncultured bacterium,92,2.38e-38
Seq_1_Pos_1769327,OK038098,uncultured bacterium,92,2.38e-38
Seq_1_Pos_1769327,MZ974683,uncultured bacterium,92,2.38e-38
Seq_1_Pos_1769327,MZ950773,Pseudalkalibacillus berkeleyi,92,2.38e-38
Seq_1_Pos_1769327,MZ905199,Alkalihalobacillus sp.,92,2.38e-38
Seq_1_Pos_1769327,MZ905188,Alkalihalobacillus sp.,92,2.38e-38
Seq_1_Pos_1769327,MZ905187,Alkalihalobacillus sp.,92,2.38e-38
Seq_1_Pos_1769327,MZ905186,Alkalihalobacillus sp.,92,2.38e-38
Seq_1_Pos_1769327,MZ905185,Alkalihalobacillus sp.,92,2.38e-38
Seq_1_Pos_1769327,MZ905182,Alkalihalobacillus sp.,92,2.38e-38
Seq_1_Pos_1769327,KF952564,Ureibacillus thermosphaericus,92,2.38e-38
Seq_1_Pos_1769327,NR_125646,Listeria aquatica FSL S10-1188;Listeria aquatica,92,2.38e-38
Seq_1_Pos_1769327,NR_125645,Listeria floridensis FSL S10-1187;Listeria floridensis,92,2.38e-38
Seq_1_Pos_1769327,KF740540,Pseudalkalibacillus decolorationis,92,2.38e-38
Seq_1_Pos_1769327,JX997882,Erysipelotrichaceae bacterium X-d8,92,2.38e-38
Seq_1_Pos_1769327,KF783370,uncultured bacterium,92,2.38e-38
Seq_1_Pos_1769327,KF783343,uncultured bacterium,92,2.38e-38
Seq_1_Pos_1769327,KF600799,Bacillus sp. HB12575,92,2.38e-38
Seq_1_Pos_1769327,MZ687318,Alkalihalobacillus sp. YIM B00296,92,2.38e-38
Seq_1_Pos_1769327,MF584940,uncultured bacterium,92,2.38e-38
Seq_1_Pos_1769327,MT496930,Bacillus sp. (in: Bacteria),92,2.38e-38
Seq_1_Pos_1769327,KF641522,uncultured bacterium,92,2.38e-38
Seq_1_Pos_1769327,KF641448,uncultured bacterium,92,2.38e-38
Seq_1_Pos_1769327,KF641248,uncultured bacterium,92,2.38e-38
Seq_1_Pos_1769327,JX458037,uncultured bacterium,92,2.38e-38
Seq_1_Pos_1769327,JX457870,uncultured bacterium,92,2.38e-38
Seq_1_Pos_1769327,KC925364,uncultured bacterium,92,2.38e-38
Seq_1_Pos_1769327,KF245474,Jeotgalicoccus halotolerans,92,2.38e-38
Seq_1_Pos_1769327,MW668082,uncultured bacterium,92,2.38e-38
Seq_1_Pos_1769327,MZ323964,bacterium,92,2.38e-38
Seq_1_Pos_1769327,KC778377,Pseudalkalibacillus decolorationis,92,2.38e-38
Seq_1_Pos_1769327,KC978764,uncultured bacterium,92,2.38e-38
Seq_1_Pos_1769327,KC873192,uncultured bacterium,92,2.38e-38
Seq_1_Pos_1769327,KC872092,uncultured bacterium,92,2.38e-38
Seq_1_Pos_1769327,FR848120,uncultured bacterium,92,2.38e-38
Seq_1_Pos_1769327,KC835070,Bacillus sp. HB12548,92,2.38e-38
Seq_1_Pos_1769327,KC736319,uncultured bacterium,92,2.38e-38
Seq_1_Pos_1769327,KC736303,uncultured bacterium,92,2.38e-38
Seq_1_Pos_1769327,KC736269,uncultured bacterium,92,2.38e-38
Seq_1_Pos_1769327,KC736228,uncultured bacterium,92,2.38e-38
Seq_1_Pos_1769327,KC736225,uncultured bacterium,92,2.38e-38
Seq_1_Pos_1769327,KC736218,uncultured bacterium,92,2.38e-38
Seq_1_Pos_1769327,KC736217,uncultured bacterium,92,2.38e-38
Seq_1_Pos_1769327,KC736215,uncultured bacterium,92,2.38e-38
Seq_1_Pos_1769327,KC736214,uncultured bacterium,92,2.38e-38
Seq_1_Pos_1769327,KC736210,uncultured bacterium,92,2.38e-38
Seq_1_Pos_1769327,KC736209,uncultured bacterium,92,2.38e-38
Seq_1_Pos_1769327,KC736208,uncultured bacterium,92,2.38e-38
Seq_1_Pos_1769327,KC736202,uncultured bacterium,92,2.38e-38
Seq_1_Pos_1769327,KC736197,uncultured bacterium,92,2.38e-38
Seq_1_Pos_1769327,KC736196,uncultured bacterium,92,2.38e-38
Seq_1_Pos_1769327,KC736187,uncultured bacterium,92,2.38e-38
Seq_1_Pos_1769327,KC736186,uncultured bacterium,92,2.38e-38
Seq_1_Pos_1769327,KC736169,uncultured bacterium,92,2.38e-38
Seq_2_Pos_1769327,MH776941,uncultured bacterium,98,1.06e-41
Seq_2_Pos_1769327,OW756439,uncultured Pseudomonadaceae bacterium,98,1.06e-41
Seq_2_Pos_1769327,HM043234,uncultured Pseudomonas sp.,98,1.06e-41
Seq_2_Pos_1769327,KP999994,Pseudomonas putida,97,3.81e-41
Seq_2_Pos_1769327,OW756324,uncultured Pseudomonadaceae bacterium,97,3.81e-41
Seq_2_Pos_1769327,KX953860,Pseudomonas sp.,96,1.37e-40
Seq_2_Pos_1769327,HG999425,Halopseudomonas pachastrellae,96,1.37e-40
Seq_2_Pos_1769327,KF315235,uncultured bacterium,96,1.37e-40
Seq_2_Pos_1769327,OL336441,Pseudomonas aeruginosa,96,1.37e-40
Seq_2_Pos_1769327,MK386795,Halopseudomonas oceani,96,1.37e-40
Seq_2_Pos_1769327,EU604453,uncultured bacterium,96,1.37e-40
Seq_2_Pos_1769327,MK510837,Pseudomonas marginalis,95,4.93e-40
Seq_2_Pos_1769327,MK506357,Pseudomonas marginalis,95,4.93e-40
Seq_2_Pos_1769327,MH704469,Pseudomonas sp.,95,4.93e-40
Seq_2_Pos_1769327,LC409871,uncultured bacterium,95,4.93e-40
Seq_2_Pos_1769327,LC409853,uncultured bacterium,95,4.93e-40
Seq_2_Pos_1769327,KY476910,uncultured Pelagicoccus sp.,95,4.93e-40
Seq_2_Pos_1769327,KY783399,Pseudomonas simiae,95,4.93e-40
Seq_2_Pos_1769327,MF314627,uncultured bacterium,95,4.93e-40
Seq_2_Pos_1769327,KY849590,Pseudomonas sp.,95,4.93e-40
Seq_2_Pos_1769327,KY818998,Pseudomonas vancouverensis,95,4.93e-40
Seq_2_Pos_1769327,KX066814,Pseudomonas sp.,95,4.93e-40
Seq_2_Pos_1769327,KU352734,Pseudomonas aeruginosa,95,4.93e-40
Seq_2_Pos_1769327,KT369960,Pseudomonas mandelii,95,4.93e-40
Seq_2_Pos_1769327,KT369940,Pseudomonas ficuserectae,95,4.93e-40
Seq_2_Pos_1769327,KT369934,Pseudomonas ficuserectae,95,4.93e-40
Seq_2_Pos_1769327,KR025472,Pseudomonas aeruginosa,95,4.93e-40
Seq_2_Pos_1769327,KM187320,Pseudomonas sp. CC7E,95,4.93e-40
Seq_2_Pos_1769327,KM187319,Pseudomonas sp. CC7D,95,4.93e-40
Seq_2_Pos_1769327,KM187296,uncultured Pseudomonas sp.;Pseudomonas sp. CC6CC1,95,4.93e-40
Seq_2_Pos_1769327,KM187134,Pseudomonas sp. CC11J,95,4.93e-40
Seq_2_Pos_1769327,KR778803,Pseudomonas fluorescens,95,4.93e-40
Seq_2_Pos_1769327,OP090434,Pseudomonas koreensis,95,4.93e-40
Seq_2_Pos_1769327,OW756415,uncultured Pseudomonadaceae bacterium,95,4.93e-40
Seq_2_Pos_1769327,OW756401,uncultured Pseudomonadaceae bacterium,95,4.93e-40
Seq_2_Pos_1769327,OW756349,uncultured Pseudomonadaceae bacterium,95,4.93e-40
Seq_2_Pos_1769327,ON419185,Pseudomonas sp.,95,4.93e-40
Seq_2_Pos_1769327,KJ846480,Pseudomonas sp. F029,95,4.93e-40
Seq_2_Pos_1769327,OK576381,Pseudomonas aeruginosa,95,4.93e-40
Seq_2_Pos_1769327,KF792270,Pseudomonas palleroniana,95,4.93e-40
Seq_2_Pos_1769327,MZ618962,Pseudomonas aeruginosa,95,4.93e-40
Seq_2_Pos_1769327,MZ477359,Pseudomonas fluorescens,95,4.93e-40
Seq_2_Pos_1769327,KC790283,Pseudomonas koreensis,95,4.93e-40
Seq_2_Pos_1769327,JQ977323,Pseudomonas sp. Ms15,95,4.93e-40
Seq_2_Pos_1769327,MW737400,Pseudomonas sp.,95,4.93e-40
Seq_2_Pos_1769327,JQ659969,Pseudomonas aeruginosa,95,4.93e-40
Seq_2_Pos_1769327,JQ659968,Pseudomonas aeruginosa,95,4.93e-40
Seq_2_Pos_1769327,JQ659807,Pseudomonas aeruginosa,95,4.93e-40
Seq_2_Pos_1769327,JQ659713,Pseudomonas sp. R4-723,95,4.93e-40
Seq_2_Pos_1769327,JQ659523,Pseudomonas aeruginosa,95,4.93e-40
Seq_2_Pos_1769327,HQ121062,uncultured bacterium,95,4.93e-40
Seq_2_Pos_1769327,HQ218625,uncultured bacterium,95,4.93e-40
Seq_2_Pos_1769327,HQ218608,uncultured bacterium,95,4.93e-40
Seq_2_Pos_1769327,HQ218566,uncultured bacterium,95,4.93e-40
Seq_2_Pos_1769327,HQ218540,uncultured bacterium,95,4.93e-40
Seq_2_Pos_1769327,HQ218493,uncultured bacterium,95,4.93e-40
Seq_2_Pos_1769327,GU043749,uncultured bacterium,95,4.93e-40
Seq_2_Pos_1769327,EU930874,Pseudomonas putida,95,4.93e-40
Seq_2_Pos_1769327,DQ170210,uncultured Pseudomonadales bacterium,95,4.93e-40
Seq_2_Pos_1769327,MT626768,Pseudomonas marincola,94,1.77e-39
Seq_2_Pos_1769327,MT626360,Pseudomonas sp.,94,1.77e-39
Seq_2_Pos_1769327,MT626265,Pseudomonas sp.,94,1.77e-39
Seq_2_Pos_1769327,MT626210,Pseudomonas sp.,94,1.77e-39
Seq_2_Pos_1769327,MT626172,Pseudomonas sp.,94,1.77e-39
Seq_2_Pos_1769327,MT626155,Pseudomonas sp.,94,1.77e-39
Seq_2_Pos_1769327,MT626142,Pseudomonas sp.,94,1.77e-39
Seq_2_Pos_1769327,MT626140,Pseudomonas sp.,94,1.77e-39
Seq_2_Pos_1769327,MT626127,Pseudomonas sp.,94,1.77e-39
Seq_2_Pos_1769327,MT588700,Pseudomonas sp.,94,1.77e-39
Seq_2_Pos_1769327,MT588664,Pseudomonas sp.,94,1.77e-39
Seq_2_Pos_1769327,MT588628,Pseudomonas sp.,94,1.77e-39
Seq_2_Pos_1769327,MT588627,Pseudomonas sp.,94,1.77e-39
Seq_2_Pos_1769327,MT588624,Pseudomonas sp.,94,1.77e-39
Seq_2_Pos_1769327,MT588620,Pseudomonas sp.,94,1.77e-39
Seq_2_Pos_1769327,MT588609,Pseudomonas sp.,94,1.77e-39
Seq_2_Pos_1769327,MT588603,Pseudomonas sp.,94,1.77e-39
Seq_2_Pos_1769327,MT588588,Pseudomonas sp.,94,1.77e-39
Seq_2_Pos_1769327,MT588586,Pseudomonas sp.,94,1.77e-39
Seq_2_Pos_1769327,MT588582,Pseudomonas sp.,94,1.77e-39
Seq_2_Pos_1769327,MT588576,Pseudomonas sp.,94,1.77e-39
Seq_2_Pos_1769327,MT588540,Pseudomonas sp.,94,1.77e-39
Seq_2_Pos_1769327,MT588494,Pseudomonas sp.,94,1.77e-39
Seq_2_Pos_1769327,MT585200,Halopseudomonas gallaeciensis,94,1.77e-39
Seq_2_Pos_1769327,MT576533,Pseudomonas sp.,94,1.77e-39
Seq_2_Pos_1769327,MT279501,Pseudomonas sp.,94,1.77e-39
Seq_2_Pos_1769327,MK659388,Pseudomonas sp.,94,1.77e-39
Seq_2_Pos_1769327,MK659334,Pseudomonas sp.,94,1.77e-39
Seq_2_Pos_1769327,MK659320,Pseudomonas sp.,94,1.77e-39
Seq_2_Pos_1769327,MK659280,Pseudomonas sp.,94,1.77e-39
Seq_2_Pos_1769327,MK659234,Pseudomonas sp.,94,1.77e-39
Seq_2_Pos_1769327,MK659222,Pseudomonas sp.,94,1.77e-39
Seq_2_Pos_1769327,MK659212,Pseudomonas sp.,94,1.77e-39
Seq_2_Pos_1769327,MK659208,Pseudomonas sp.,94,1.77e-39
Seq_2_Pos_1769327,MK659207,Pseudomonas sp.,94,1.77e-39
Seq_2_Pos_1769327,MK659194,Pseudomonas sp.,94,1.77e-39
Seq_2_Pos_1769327,MK658903,Pseudomonas sp.,94,1.77e-39
Seq_2_Pos_1769327,MK658887,Pseudomonas sp.,94,1.77e-39
Seq_2_Pos_1769327,MT197174,Pseudomonas sp.,94,1.77e-39
Seq_2_Pos_1769327,MT197166,Pseudomonas sp.,94,1.77e-39
Seq_2_Pos_1769327,MT187965,Pseudomonas sp.,94,1.77e-39
Seq_2_Pos_1769327,MT187964,Pseudomonas sp.,94,1.77e-39
Seq_2_Pos_1769327,MT187898,Pseudomonas sp.,94,1.77e-39
Seq_2_Pos_1769327,MT187865,Pseudomonas sp.,94,1.77e-39
Seq_2_Pos_1769327,MT180478,Pseudomonas sp.,94,1.77e-39
Seq_2_Pos_1769327,MT178125,Pseudomonas sp.,94,1.77e-39
Seq_2_Pos_1769327,MT178124,Pseudomonas sp.,94,1.77e-39
Seq_2_Pos_1769327,MT178123,Pseudomonas sp.,94,1.77e-39
Seq_2_Pos_1769327,MT111738,Halopseudomonas pachastrellae,94,1.77e-39
Seq_2_Pos_1769327,MK503527,Pseudomonas sp.,94,1.77e-39
Seq_2_Pos_1769327,MK503515,Pseudomonas sp.,94,1.77e-39
Seq_2_Pos_1769327,MK503514,Pseudomonas sp.,94,1.77e-39
Seq_2_Pos_1769327,MN713723,Halopseudomonas salegens,94,1.77e-39
Seq_2_Pos_1769327,MN713721,Halopseudomonas salegens,94,1.77e-39
Seq_2_Pos_1769327,MN920756,Pseudomonas sp.,94,1.77e-39
Seq_2_Pos_1769327,MN866778,Halopseudomonas oceani,94,1.77e-39
Seq_2_Pos_1769327,MN866768,Pseudomonas mendocina,94,1.77e-39
Seq_2_Pos_1769327,MN866766,Pseudomonas mendocina,94,1.77e-39
Seq_2_Pos_1769327,MN865182,uncultured Pseudomonas sp.,94,1.77e-39
Seq_2_Pos_1769327,MN788665,Pseudomonas aeruginosa,94,1.77e-39
Seq_2_Pos_1769327,MN784286,Pseudomonas sp.,94,1.77e-39
Seq_2_Pos_1769327,MK079513,bacterium,94,1.77e-39
Seq_2_Pos_1769327,MK079512,bacterium,94,1.77e-39
Seq_2_Pos_1769327,MN491143,Pseudomonas sp.,94,1.77e-39
Seq_2_Pos_1769327,MN463078,uncultured bacterium,94,1.77e-39
Seq_2_Pos_1769327,MN396153,Halopseudomonas pachastrellae,94,1.77e-39
Seq_2_Pos_1769327,MK398045,Pseudomonas marincola,94,1.77e-39
Seq_2_Pos_1769327,MN145740,uncultured bacterium,94,1.77e-39
Seq_2_Pos_1769327,MH586648,Halopseudomonas aestusnigri,94,1.77e-39
Seq_2_Pos_1769327,MN083275,Pseudomonas sp.,94,1.77e-39
Seq_2_Pos_1769327,MN043749,Pseudomonas sp.,94,1.77e-39
Seq_2_Pos_1769327,MK122652,Pseudomonas sp.,94,1.77e-39
Seq_2_Pos_1769327,MK122649,Pseudomonas sp.,94,1.77e-39
Seq_2_Pos_1769327,MK016518,uncultured Gammaproteobacteria bacterium,94,1.77e-39
Seq_2_Pos_1769327,MK129375,Pseudomonas sp.,94,1.77e-39
Seq_2_Pos_1769327,MK801627,Pseudomonas sp.,94,1.77e-39
Seq_2_Pos_1769327,MH892481,Halopseudomonas salegens,94,1.77e-39
Seq_2_Pos_1769327,MK568063,Pseudomonas sp.,94,1.77e-39
Seq_2_Pos_1769327,MK560195,Pseudomonas sp.,94,1.77e-39
Seq_2_Pos_1769327,MK533531,Pseudomonas sp.,94,1.77e-39
Seq_2_Pos_1769327,MK533476,Pseudomonas sp.,94,1.77e-39
Seq_2_Pos_1769327,MH976869,uncultured bacterium,94,1.77e-39
Seq_2_Pos_1769327,MH037307,Halopseudomonas pachastrellae,94,1.77e-39
Seq_2_Pos_1769327,LT935730,Halopseudomonas pachastrellae,94,1.77e-39
Seq_2_Pos_1769327,LT935729,Halopseudomonas pachastrellae,94,1.77e-39
Seq_2_Pos_1769327,LT935728,Halopseudomonas pachastrellae,94,1.77e-39
Seq_2_Pos_1769327,LT935727,Halopseudomonas pachastrellae,94,1.77e-39
Seq_2_Pos_1769327,LT935724,Halopseudomonas pachastrellae,94,1.77e-39
Seq_2_Pos_1769327,LT935723,Halopseudomonas pachastrellae,94,1.77e-39
Seq_2_Pos_1769327,LT935722,Halopseudomonas pachastrellae,94,1.77e-39
Seq_2_Pos_1769327,MH413130,uncultured microorganism,94,1.77e-39
Seq_2_Pos_1769327,MH894284,uncultured Pseudomonas sp.,94,1.77e-39
Seq_2_Pos_1769327,NR_169366,Pseudomonas jilinensis,94,1.77e-39
Seq_2_Pos_1769327,MF896319,uncultured Azotobacter sp.,94,1.77e-39
Seq_2_Pos_1769327,MF894041,uncultured Pseudomonas sp.,94,1.77e-39
Seq_2_Pos_1769327,MF671578,uncultured Pseudomonas sp.,94,1.77e-39
Seq_2_Pos_1769327,MH746034,Halopseudomonas aestusnigri,94,1.77e-39
Seq_2_Pos_1769327,MK368453,Pseudomonas sp.,94,1.77e-39
Seq_2_Pos_1769327,MK368451,Pseudomonas sp.,94,1.77e-39
Seq_2_Pos_1769327,KY277128,uncultured bacterium,94,1.77e-39
Seq_2_Pos_1769327,KY275703,uncultured bacterium,94,1.77e-39
Seq_2_Pos_1769327,MH732181,Pseudomonas sp.,94,1.77e-39
Seq_2_Pos_1769327,MH732180,Pseudomonas sp.,94,1.77e-39
Seq_2_Pos_1769327,MH732113,Halopseudomonas pachastrellae,94,1.77e-39
Seq_2_Pos_1769327,MH731842,Pseudomonas sp.,94,1.77e-39
Seq_2_Pos_1769327,MH731839,Halopseudomonas pachastrellae,94,1.77e-39
Seq_2_Pos_1769327,MH731836,Halopseudomonas pachastrellae,94,1.77e-39
Seq_2_Pos_1769327,MH731835,Pseudomonas sp.,94,1.77e-39
Seq_2_Pos_1769327,MH458751,Pseudomonas sp.,94,1.77e-39
Seq_2_Pos_1769327,MG834534,Halopseudomonas pachastrellae,94,1.77e-39
Seq_2_Pos_1769327,MH445388,Pseudomonas putida,94,1.77e-39
Seq_2_Pos_1769327,MH160695,uncultured bacterium,94,1.77e-39
Seq_2_Pos_1769327,MH160693,uncultured bacterium,94,1.77e-39
Seq_2_Pos_1769327,MH351266,Pseudomonas sp.,94,1.77e-39
Seq_2_Pos_1769327,MH351265,Pseudomonas sp.,94,1.77e-39
Seq_2_Pos_1769327,MH351264,Pseudomonas sp.,94,1.77e-39
Seq_2_Pos_1769327,MH255087,Halopseudomonas pachastrellae,94,1.77e-39
Seq_2_Pos_1769327,MH226116,uncultured bacterium,94,1.77e-39
Seq_2_Pos_1769327,MH179087,Azotobacter chroococcum,94,1.77e-39
Seq_2_Pos_1769327,MH169261,Halopseudomonas pachastrellae,94,1.77e-39
Seq_2_Pos_1769327,KY964239,Pseudomonas sp.,94,1.77e-39
Seq_2_Pos_1769327,MH062916,Pseudomonas putida,94,1.77e-39
Seq_2_Pos_1769327,KY653024,bacterium,94,1.77e-39
Seq_2_Pos_1769327,MG859143,uncultured bacterium,94,1.77e-39
Seq_2_Pos_1769327,MH002253,uncultured bacterium,94,1.77e-39
Seq_2_Pos_1769327,MG930040,Pseudomonas savastanoi pv. savastanoi,94,1.77e-39
Seq_2_Pos_1769327,MG930024,Pseudomonas savastanoi pv. savastanoi,94,1.77e-39
Seq_2_Pos_1769327,KY478386,uncultured Sulfitobacter sp.,94,1.77e-39
Seq_2_Pos_1769327,KX014495,uncultured bacterium,94,1.77e-39
Seq_2_Pos_1769327,KX014490,uncultured bacterium,94,1.77e-39
Seq_2_Pos_1769327,MF155920,Pseudomonas sp.,94,1.77e-39
Seq_2_Pos_1769327,MF155916,Halopseudomonas aestusnigri,94,1.77e-39
Seq_2_Pos_1769327,MG804472,uncultured Azomonas sp.,94,1.77e-39
Seq_2_Pos_1769327,MF314809,uncultured bacterium,94,1.77e-39
Seq_2_Pos_1769327,MF289209,Pseudomonas sp.,94,1.77e-39
Seq_2_Pos_1769327,LC355649,uncultured bacterium,94,1.77e-39
Seq_2_Pos_1769327,MG456871,Pseudomonas marincola,94,1.77e-39
Seq_2_Pos_1769327,MG576041,Halopseudomonas aestusnigri,94,1.77e-39
Seq_2_Pos_1769327,MF150549,Pseudomonas sp.,94,1.77e-39
Seq_2_Pos_1769327,MG330911,uncultured bacterium,94,1.77e-39
Seq_2_Pos_1769327,MG330362,uncultured bacterium,94,1.77e-39
Seq_2_Pos_1769327,MG264302,Halopseudomonas aestusnigri,94,1.77e-39
Seq_2_Pos_1769327,KY935575,Pseudomonas taiwanensis,94,1.77e-39
Seq_2_Pos_1769327,LN876648,Halopseudomonas gallaeciensis,94,1.77e-39
Seq_2_Pos_1769327,MG002075,uncultured bacterium,94,1.77e-39
Seq_2_Pos_1769327,MF962536,Pseudomonas abyssi,94,1.77e-39
Seq_2_Pos_1769327,MF928084,Pseudomonas sp.,94,1.77e-39
Seq_2_Pos_1769327,MF928082,Pseudomonas sp.,94,1.77e-39
Seq_2_Pos_1769327,KX703259,uncultured bacterium,94,1.77e-39
Seq_2_Pos_1769327,MF359538,Pseudomonas sp.,94,1.77e-39
Seq_2_Pos_1769327,MF359521,Pseudomonas sp.,94,1.77e-39
Seq_2_Pos_1769327,MF359314,Pseudomonas sp.,94,1.77e-39
Seq_2_Pos_1769327,MF359309,Pseudomonas sp.,94,1.77e-39
Seq_2_Pos_1769327,MF359307,Pseudomonas sp.,94,1.77e-39
Seq_2_Pos_1769327,MF359305,Pseudomonas sp.,94,1.77e-39
Seq_2_Pos_1769327,MF359304,Pseudomonas sp.,94,1.77e-39
Seq_2_Pos_1769327,MF359301,Pseudomonas sp.,94,1.77e-39
Seq_2_Pos_1769327,MF359300,Marinobacter sp.,94,1.77e-39
Seq_2_Pos_1769327,MF359284,Pseudomonas sp.,94,1.77e-39
Seq_2_Pos_1769327,MF070520,Pseudomonas sp.,94,1.77e-39
Seq_2_Pos_1769327,KY671178,Pseudomonas sp.,94,1.77e-39
Seq_2_Pos_1769327,MF664175,Pseudomonas sp.,94,1.77e-39
Seq_2_Pos_1769327,MF664136,Pseudomonas sp.,94,1.77e-39
Seq_2_Pos_1769327,MF554605,Halopseudomonas aestusnigri,94,1.77e-39
Seq_2_Pos_1769327,LT859768,uncultured Pseudomonas sp.,94,1.77e-39
Seq_2_Pos_1769327,LT859920,uncultured Pseudomonadaceae bacterium,94,1.77e-39
Seq_2_Pos_1769327,CP011835,Azotobacter chroococcum,94,1.77e-39
Seq_2_Pos_1769327,CP011835,Azotobacter chroococcum,91,8.25e-38
Seq_2_Pos_1769327,CP011835,Azotobacter chroococcum,91,8.25e-38
Seq_2_Pos_1769327,CP011835,Azotobacter chroococcum,91,8.25e-38
Seq_2_Pos_1769327,CP011835,Azotobacter chroococcum,91,8.25e-38
Seq_2_Pos_1769327,CP011835,Azotobacter chroococcum,91,8.25e-38
Seq_2_Pos_1769327,MF372123,Pseudomonas sp. S-7-2,94,1.77e-39
Seq_2_Pos_1769327,MF372122,Pseudomonas phragmitis,94,1.77e-39
Seq_2_Pos_1769327,MF320588,uncultured bacterium,94,1.77e-39
Seq_2_Pos_1769327,CP020892,Pseudomonas sp. M30-35,94,1.77e-39
Seq_2_Pos_1769327,CP020892,Pseudomonas sp. M30-35,94,1.77e-39
Seq_2_Pos_1769327,CP020892,Pseudomonas sp. M30-35,94,1.77e-39
Seq_2_Pos_1769327,CP020892,Pseudomonas sp. M30-35,94,1.77e-39
Seq_2_Pos_1769327,MF080181,uncultured bacterium,94,1.77e-39
Seq_2_Pos_1769327,KY914275,Pseudomonas sp.,94,1.77e-39
Seq_2_Pos_1769327,KY914265,Pseudomonas sp.,94,1.77e-39
Seq_2_Pos_1769327,LC267752,uncultured bacterium,94,1.77e-39
Seq_2_Pos_1769327,KY940349,Pseudomonas marincola,94,1.77e-39
Seq_2_Pos_1769327,LT720158,uncultured bacterium,94,1.77e-39
Seq_2_Pos_1769327,LT721257,uncultured bacterium,94,1.77e-39
Seq_2_Pos_1769327,CP020100,Pseudomonas phragmitis,94,1.77e-39
Seq_2_Pos_1769327,CP020100,Pseudomonas phragmitis,94,1.77e-39
Seq_2_Pos_1769327,CP020100,Pseudomonas phragmitis,94,1.77e-39
Seq_2_Pos_1769327,LT719438,uncultured bacterium,94,1.77e-39
Seq_2_Pos_1769327,KU482606,uncultured bacterium,94,1.77e-39
Seq_2_Pos_1769327,KU477622,uncultured bacterium,94,1.77e-39
Seq_2_Pos_1769327,KU462399,uncultured bacterium,94,1.77e-39
Seq_2_Pos_1769327,KU456217,uncultured bacterium,94,1.77e-39
Seq_2_Pos_1769327,KU445271,uncultured bacterium,94,1.77e-39
Seq_2_Pos_1769327,KU409104,uncultured bacterium,94,1.77e-39
Seq_2_Pos_1769327,KU391414,uncultured bacterium,94,1.77e-39
Seq_2_Pos_1769327,KU534563,Pseudomonas sp.,94,1.77e-39
Seq_2_Pos_1769327,KU676308,uncultured bacterium,94,1.77e-39
Seq_2_Pos_1769327,KU675156,uncultured bacterium,94,1.77e-39
Seq_2_Pos_1769327,KY511303,Pseudomonas sp.,94,1.77e-39
Seq_2_Pos_1769327,LT673849,Halopseudomonas aestusnigri,94,1.77e-39
Seq_2_Pos_1769327,LT673837,Halopseudomonas aestusnigri,94,1.77e-39
Seq_2_Pos_1769327,KP126816,Pseudomonas sp. B11-2,94,1.77e-39
Seq_2_Pos_1769327,KT596765,Halopseudomonas pachastrellae,94,1.77e-39
Seq_2_Pos_1769327,KT581510,Halopseudomonas pachastrellae,94,1.77e-39
Seq_2_Pos_1769327,KT581493,Halopseudomonas pachastrellae,94,1.77e-39
Seq_2_Pos_1769327,KY368132,Pseudomonas sp.,94,1.77e-39
Seq_2_Pos_1769327,KX108961,Pseudomonas sp.,94,1.77e-39
Seq_2_Pos_1769327,LN909307,Pseudomonas sp. AU323_Ted2_MB,94,1.77e-39
Seq_2_Pos_1769327,KY327836,Halopseudomonas pachastrellae,94,1.77e-39
Seq_2_Pos_1769327,KY234257,Halopseudomonas pachastrellae,94,1.77e-39
Seq_2_Pos_1769327,LC194999,Pseudomonas sp. TKCM64,94,1.77e-39
Seq_2_Pos_1769327,KX460201,uncultured Pseudomonadaceae bacterium,94,1.77e-39
Seq_2_Pos_1769327,LT630354,Pseudomonas sp. JC456,94,1.77e-39
Seq_2_Pos_1769327,KX094893,Pseudomonas taiwanensis,94,1.77e-39
Seq_2_Pos_1769327,LT629787,Halopseudomonas salegens,94,1.77e-39
Seq_2_Pos_1769327,LT629787,Halopseudomonas salegens,94,1.77e-39
Seq_2_Pos_1769327,LT629787,Halopseudomonas salegens,94,1.77e-39
Seq_2_Pos_1769327,KX993965,uncultured bacterium,94,1.77e-39
Seq_2_Pos_1769327,KX652781,uncultured bacterium,94,1.77e-39
Seq_2_Pos_1769327,KX626433,uncultured bacterium,94,1.77e-39
Seq_2_Pos_1769327,KX625558,uncultured bacterium,94,1.77e-39
Seq_2_Pos_1769327,KT173855,uncultured prokaryote,94,1.77e-39
Seq_2_Pos_1769327,LC095006,Pseudomonas sp. A11Fb,94,1.77e-39
Seq_2_Pos_1769327,LC140956,Halopseudomonas salegens,94,1.77e-39
Seq_2_Pos_1769327,KU087362,uncultured microorganism,94,1.77e-39
Seq_2_Pos_1769327,KU065919,uncultured microorganism,94,1.77e-39
Seq_2_Pos_1769327,KU111662,uncultured bacterium,94,1.77e-39
Seq_2_Pos_1769327,KU101280,uncultured bacterium,94,1.77e-39
Seq_2_Pos_1769327,KU099635,uncultured bacterium,94,1.77e-39
Seq_2_Pos_1769327,KU541074,uncultured bacterium,94,1.77e-39
Seq_2_Pos_1769327,LC125154,Pseudomonas sp. Oh-1.0.2,94,1.77e-39
Seq_2_Pos_1769327,KU243205,uncultured bacterium,94,1.77e-39
Seq_2_Pos_1769327,KP276690,Halopseudomonas pachastrellae,94,1.77e-39
Seq_2_Pos_1769327,KT731543,Halopseudomonas pachastrellae,94,1.77e-39
Seq_2_Pos_1769327,KM979134,Pseudomonas sp. H2-13,94,1.77e-39
Seq_2_Pos_1769327,KM979000,Pseudomonas sp. H1-7,94,1.77e-39
Seq_2_Pos_1769327,KT191486,Pseudomonas sp. RAS2-7,94,1.77e-39
Seq_2_Pos_1769327,KP949397,uncultured bacterium,94,1.77e-39
Seq_2_Pos_1769327,KP944455,uncultured bacterium,94,1.77e-39
Seq_2_Pos_1769327,KR815416,uncultured bacterium,94,1.77e-39
Seq_2_Pos_1769327,KR815405,uncultured bacterium,94,1.77e-39
Seq_2_Pos_1769327,KT759069,bacterium DD9,94,1.77e-39
Seq_2_Pos_1769327,LN881351,Pseudomonas sp. Asnod3E07,94,1.77e-39
Seq_2_Pos_1769327,KR233211,Pseudomonas sp. R4-10,94,1.77e-39
Seq_2_Pos_1769327,KR233198,Pseudomonas sp. R3-10,94,1.77e-39
Seq_2_Pos_1769327,KR233185,Pseudomonas sp. C4-2P,94,1.77e-39
Seq_2_Pos_1769327,KT342638,uncultured bacterium,94,1.77e-39
Seq_2_Pos_1769327,KT342622,uncultured bacterium,94,1.77e-39
Seq_2_Pos_1769327,KT342620,uncultured bacterium,94,1.77e-39
Seq_2_Pos_1769327,KT342615,uncultured bacterium,94,1.77e-39
Seq_2_Pos_1769327,KT342614,uncultured bacterium,94,1.77e-39
Seq_2_Pos_1769327,KT342596,uncultured bacterium,94,1.77e-39
Seq_2_Pos_1769327,KT342590,uncultured bacterium,94,1.77e-39
Seq_2_Pos_1769327,KT342585,uncultured bacterium,94,1.77e-39
Seq_2_Pos_1769327,KT342573,uncultured bacterium,94,1.77e-39
Seq_2_Pos_1769327,KT342572,uncultured bacterium,94,1.77e-39
Seq_2_Pos_1769327,KT342571,uncultured bacterium,94,1.77e-39
Seq_2_Pos_1769327,KT342215,uncultured bacterium,94,1.77e-39
Seq_2_Pos_1769327,KT342213,uncultured bacterium,94,1.77e-39
Seq_2_Pos_1769327,KT342206,uncultured bacterium,94,1.77e-39
Seq_2_Pos_1769327,KR136144,uncultured Pseudomonas sp.,94,1.77e-39
Seq_2_Pos_1769327,KT428200,Pseudomonas sp. MMRF703,94,1.77e-39
Seq_2_Pos_1769327,KT428167,Pseudomonas sp. MMRF695,94,1.77e-39
Seq_2_Pos_1769327,NR_152090,Halopseudomonas oceani,94,1.77e-39
Seq_2_Pos_1769327,KR012267,Pseudomonas sp. JXH-276,94,1.77e-39
Seq_2_Pos_1769327,FN995250,Halopseudomonas gallaeciensis,94,1.77e-39
Seq_2_Pos_1769327,FN995249,Halopseudomonas gallaeciensis,94,1.77e-39
Seq_2_Pos_1769327,HG423457,uncultured bacterium,94,1.77e-39
Seq_2_Pos_1769327,KP911737,uncultured bacterium;uncultured Pseudomonas sp.,94,1.77e-39
Seq_2_Pos_1769327,KP911590,uncultured bacterium,94,1.77e-39
Seq_2_Pos_1769327,KR133548,uncultured bacterium,94,1.77e-39
Seq_2_Pos_1769327,KP065329,uncultured bacterium,94,1.77e-39
Seq_2_Pos_1769327,KP386745,uncultured bacterium,94,1.77e-39
Seq_2_Pos_1769327,KP973963,Pseudomonas aeruginosa,94,1.77e-39
Seq_2_Pos_1769327,LN774529,Pseudomonas segetis,94,1.77e-39
Seq_2_Pos_1769327,KM657006,uncultured bacterium,94,1.77e-39
Seq_2_Pos_1769327,OP389094,Pseudomonas sp.,94,1.77e-39
Seq_2_Pos_1769327,OP393772,Pseudomonas sp.,94,1.77e-39
Seq_2_Pos_1769327,HG999464,Halopseudomonas pachastrellae,94,1.77e-39
Seq_2_Pos_1769327,KU485639,uncultured bacterium,94,1.77e-39
Seq_2_Pos_1769327,KM460937,Halopseudomonas pachastrellae,94,1.77e-39
Seq_2_Pos_1769327,KF737895,uncultured bacterium,94,1.77e-39
Seq_2_Pos_1769327,KF737884,uncultured bacterium,94,1.77e-39
Seq_2_Pos_1769327,KJ785905,uncultured Pseudomonas sp.,94,1.77e-39
Seq_2_Pos_1769327,KJ785904,uncultured Pseudomonas sp.,94,1.77e-39
Seq_2_Pos_1769327,KM388973,Pseudomonas sp. A9(2014b),94,1.77e-39
Seq_2_Pos_1769327,KM362990,bacterium T35,94,1.77e-39
Seq_2_Pos_1769327,ON615211,Pseudomonas marincola,94,1.77e-39
Seq_2_Pos_1769327,KM349496,Halopseudomonas pachastrellae,94,1.77e-39
Seq_2_Pos_1769327,KM349496,Halopseudomonas pachastrellae,51,1.42e-15
Seq_2_Pos_1769327,KF712826,uncultured bacterium,94,1.77e-39
Seq_2_Pos_1769327,LN546678,uncultured bacterium,94,1.77e-39
Seq_2_Pos_1769327,LN545975,uncultured bacterium,94,1.77e-39
Seq_2_Pos_1769327,LN545615,uncultured bacterium,94,1.77e-39
Seq_2_Pos_1769327,LN545326,uncultured bacterium,94,1.77e-39
Seq_2_Pos_1769327,LN545277,uncultured bacterium,94,1.77e-39
Seq_2_Pos_1769327,LN542565,uncultured bacterium,94,1.77e-39
Seq_2_Pos_1769327,LN539929,uncultured bacterium,94,1.77e-39
Seq_2_Pos_1769327,LN547667,uncultured bacterium,94,1.77e-39
Seq_2_Pos_1769327,KM037742,Halopseudomonas pachastrellae,94,1.77e-39
Seq_2_Pos_1769327,KM037738,Halopseudomonas pachastrellae,94,1.77e-39
Seq_2_Pos_1769327,MZ262795,Pseudomonas sp.,94,1.77e-39
Seq_2_Pos_1769327,ON422227,Pseudomonas marincola,94,1.77e-39
Seq_2_Pos_1769327,OW756312,uncultured Pseudomonadaceae bacterium,94,1.77e-39
Seq_2_Pos_1769327,OW744146,uncultured Pseudomonadaceae bacterium,94,1.77e-39
Seq_2_Pos_1769327,ON386199,Pseudomonas sp.,94,1.77e-39
Seq_2_Pos_1769327,ON385878,Pseudomonas sp.,94,1.77e-39
Seq_2_Pos_1769327,ON318406,Halopseudomonas oceani,94,1.77e-39
Seq_2_Pos_1769327,ON318405,Halopseudomonas oceani,94,1.77e-39
Seq_2_Pos_1769327,ON318041,Halopseudomonas aestusnigri,94,1.77e-39
Seq_2_Pos_1769327,MZ855216,Halopseudomonas sp. RR6,94,1.77e-39
Seq_2_Pos_1769327,KJ942835,Halopseudomonas pachastrellae,94,1.77e-39
Seq_2_Pos_1769327,KJ831435,Pseudomonas sp. 949B12_12AESBL,94,1.77e-39
Seq_2_Pos_1769327,KJ831434,Pseudomonas sp. 946B12_12AESBL,94,1.77e-39
Seq_2_Pos_1769327,KJ831426,Pseudomonas sp. 908B6_12AESBL,94,1.77e-39
Seq_2_Pos_1769327,CP079801,Halopseudomonas sp. RR6,94,1.77e-39
Seq_2_Pos_1769327,CP079801,Halopseudomonas sp. RR6,94,1.77e-39
Seq_2_Pos_1769327,CP079801,Halopseudomonas sp. RR6,94,1.77e-39
Seq_2_Pos_1769327,OM070346,Halopseudomonas gallaeciensis,94,1.77e-39
Seq_2_Pos_1769327,OM056895,Halopseudomonas gallaeciensis,94,1.77e-39
Seq_2_Pos_1769327,OM048767,Pseudomonas sp.,94,1.77e-39
Seq_2_Pos_1769327,MZ263501,uncultured Pseudomonadaceae bacterium,94,1.77e-39
Seq_2_Pos_1769327,KJ524463,Stutzerimonas stutzeri,94,1.77e-39
Seq_2_Pos_1769327,KF315683,uncultured bacterium;uncultured microorganism,94,1.77e-39
Seq_2_Pos_1769327,KF315244,uncultured bacterium,94,1.77e-39
Seq_2_Pos_1769327,KF314969,uncultured bacterium,94,1.77e-39
Seq_2_Pos_1769327,KJ702653,Pseudomonas sp. xn59,94,1.77e-39
Seq_2_Pos_1769327,KM051096,Pseudomonas sp. BAB-3746,94,1.77e-39
Seq_2_Pos_1769327,OL897530,Pseudomonas sp.,94,1.77e-39
Seq_2_Pos_1769327,OL897529,Pseudomonas sp.,94,1.77e-39
Seq_2_Pos_1769327,OL897368,Pseudomonas sp.,94,1.77e-39
Seq_2_Pos_1769327,OL897356,Pseudomonas sp.,94,1.77e-39
Seq_2_Pos_1769327,OL875299,Halopseudomonas gallaeciensis,94,1.77e-39
Seq_2_Pos_1769327,OL875297,Halopseudomonas aestusnigri,94,1.77e-39
Seq_2_Pos_1769327,CP087705,Halopseudomonas aestusnigri,94,1.77e-39
Seq_2_Pos_1769327,CP087705,Halopseudomonas aestusnigri,94,1.77e-39
Seq_2_Pos_1769327,CP087705,Halopseudomonas aestusnigri,94,1.77e-39
Seq_2_Pos_1769327,CP087705,Halopseudomonas aestusnigri,94,1.77e-39
Seq_2_Pos_1769327,OL721874,Pseudomonas sp.,94,1.77e-39
Seq_2_Pos_1769327,MZ540007,Pseudomonas argentinensis,94,1.77e-39
Seq_2_Pos_1769327,KJ548912,uncultured bacterium,94,1.77e-39
Seq_2_Pos_1769327,KJ545591,Pseudomonas sp. EGY-SCO1,94,1.77e-39
Seq_2_Pos_1769327,KJ170097,bacterium USh57052,94,1.77e-39
Seq_2_Pos_1769327,NR_126210,Halopseudomonas aestusnigri,94,1.77e-39
Seq_2_Pos_1769327,KJ197715,uncultured Pseudomonas sp.,94,1.77e-39
Seq_2_Pos_1769327,KJ197676,uncultured Pseudomonas sp.,94,1.77e-39
Seq_2_Pos_1769327,KF960808,Pseudomonas sp. CH2(2014),94,1.77e-39
Seq_2_Pos_1769327,KF859734,uncultured Pseudomonas sp.,94,1.77e-39
Seq_2_Pos_1769327,KF859642,uncultured Halomonas sp.,94,1.77e-39
Seq_2_Pos_1769327,KF859617,uncultured Pseudomonas sp.,94,1.77e-39
Seq_2_Pos_1769327,KF784929,uncultured bacterium,94,1.77e-39
Seq_2_Pos_1769327,KC195804,Pseudomonas sp. SB11,94,1.77e-39
Seq_2_Pos_1769327,KC195792,Pseudomonas sp. B30,94,1.77e-39
Seq_2_Pos_1769327,KF705210,Pseudomonas sp. FCS-2,94,1.77e-39
Seq_2_Pos_1769327,NR_134140,Halopseudomonas salegens,94,1.77e-39
Seq_2_Pos_1769327,KC164834,uncultured bacterium,94,1.77e-39
Seq_2_Pos_1769327,MZ540229,Pseudomonas jilinensis,94,1.77e-39
Seq_2_Pos_1769327,MZ540228,Pseudomonas jilinensis,94,1.77e-39
Seq_2_Pos_1769327,MZ540227,Pseudomonas jilinensis,94,1.77e-39
Seq_2_Pos_1769327,MZ540226,Pseudomonas jilinensis,94,1.77e-39
Seq_2_Pos_1769327,MZ505557,Pseudomonas sp.,94,1.77e-39
Seq_2_Pos_1769327,KF150767,Pseudomonas sp. PG_09,94,1.77e-39
Seq_2_Pos_1769327,JX966198,uncultured Pseudomonas sp.,94,1.77e-39
Seq_2_Pos_1769327,JX298546,Pseudomonas sp. A45,94,1.77e-39
Seq_2_Pos_1769327,KC852954,uncultured bacterium,94,1.77e-39
Seq_2_Pos_1769327,MZ452362,Halopseudomonas aestusnigri,94,1.77e-39
Seq_2_Pos_1769327,MZ312489,Pseudomonas sp.,94,1.77e-39
Seq_2_Pos_1769327,MZ261820,Pseudomonas jilinensis,94,1.77e-39
Seq_2_Pos_1769327,KF020854,uncultured bacterium,94,1.77e-39
Seq_2_Pos_1769327,KF020836,uncultured bacterium,94,1.77e-39
Seq_2_Pos_1769327,KF021835,Pseudomonas sp. H-155;Pseudomonas sp. PD2(2015),94,1.77e-39
Seq_2_Pos_1769327,KF021789,Pseudomonas sp. H-107,94,1.77e-39
Seq_2_Pos_1769327,KF021788,Pseudomonas sp. H-106,94,1.77e-39
Seq_2_Pos_1769327,KF021787,Pseudomonas sp. H-105,94,1.77e-39
Seq_2_Pos_1769327,KF021772,Pseudomonas sp. H-89,94,1.77e-39
Seq_2_Pos_1769327,KF021764,Pseudomonas sp. H-81,94,1.77e-39
Seq_2_Pos_1769327,KF021731,Pseudomonas sp. H-45,94,1.77e-39
Seq_2_Pos_1769327,KC605886,uncultured bacterium,94,1.77e-39
Seq_2_Pos_1769327,AB825392,uncultured bacterium,94,1.77e-39
Seq_2_Pos_1769327,KC967041,Stutzerimonas azotifigens,94,1.77e-39
Seq_2_Pos_1769327,KC967014,Stutzerimonas azotifigens,94,1.77e-39
Seq_2_Pos_1769327,MZ127572,Pseudomonas sp.,94,1.77e-39
Seq_2_Pos_1769327,MW553598,Halopseudomonas pachastrellae,94,1.77e-39
Seq_2_Pos_1769327,MW826698,Pseudomonas marincola,94,1.77e-39
Seq_2_Pos_1769327,MW826697,Pseudomonas marincola,94,1.77e-39
Seq_2_Pos_1769327,MW788678,Pseudomonas abyssi,94,1.77e-39
Seq_2_Pos_1769327,MW725368,uncultured bacterium,94,1.77e-39
Seq_2_Pos_1769327,MW703914,Pseudomonas sp.,94,1.77e-39
Seq_2_Pos_1769327,MW703913,Pseudomonas sp.,94,1.77e-39
Seq_2_Pos_1769327,MW703912,Pseudomonas sp.,94,1.77e-39
Seq_2_Pos_1769327,JX941358,uncultured bacterium,94,1.77e-39
Seq_2_Pos_1769327,JX940459,uncultured bacterium,94,1.77e-39
Seq_2_Pos_1769327,NR_159119,Pseudomonas tarimensis,94,1.77e-39
Seq_2_Pos_1769327,KC593295,Pseudomonas sp. IMCC17053,94,1.77e-39
Seq_2_Pos_1769327,KC534244,Pseudomonas marincola,94,1.77e-39
Seq_2_Pos_1769327,JQ082145,Pseudomonas sp. U1369-101122-SW162,94,1.77e-39
Seq_2_Pos_1769327,LR215729,Pseudomonas marincola,94,1.77e-39
Seq_2_Pos_1769327,LR215729,Pseudomonas marincola,94,1.77e-39
Seq_2_Pos_1769327,LR215729,Pseudomonas marincola,94,1.77e-39
Seq_2_Pos_1769327,LR215729,Pseudomonas marincola,94,1.77e-39
Seq_2_Pos_1769327,LR215729,Pseudomonas marincola,94,1.77e-39
Seq_2_Pos_1769327,KC469080,Pseudomonas sp. EM174,94,1.77e-39
Seq_2_Pos_1769327,KC335137,Pseudomonas sp. SJH-003,94,1.77e-39
Seq_2_Pos_1769327,KC147692,Pseudomonas sp. A4-3,94,1.77e-39
Seq_2_Pos_1769327,KC147691,Pseudomonas sp. A4-2,94,1.77e-39
Seq_2_Pos_1769327,KC002040,unidentified marine bacterioplankton,94,1.77e-39
Seq_2_Pos_1769327,KC001692,unidentified marine bacterioplankton,94,1.77e-39
Seq_2_Pos_1769327,JX397195,uncultured bacterium,94,1.77e-39
Seq_2_Pos_1769327,JX397186,uncultured bacterium,94,1.77e-39
Seq_2_Pos_1769327,JX395760,uncultured bacterium,94,1.77e-39
Seq_2_Pos_1769327,KC128890,Pseudomonas sp. 1AP3,94,1.77e-39
Seq_2_Pos_1769327,KC294056,Pseudomonas sp. DF5,94,1.77e-39
Seq_2_Pos_1769327,JQ678562,uncultured bacterium,94,1.77e-39
Seq_2_Pos_1769327,JX975436,Pseudomonas sp. XJALT-127-1YG1,94,1.77e-39
Seq_2_Pos_1769327,NR_117186,Pseudomonas marincola,94,1.77e-39
Seq_2_Pos_1769327,JX863390,bacterium enrichment culture clone NM16S_2,94,1.77e-39
Seq_2_Pos_1769327,HE974742,Pseudomonas sp. VL-2,94,1.77e-39
Seq_2_Pos_1769327,AB733533,Pseudomonas sp. MBEA661,94,1.77e-39
Seq_2_Pos_1769327,AY770691,Pseudomonas segetis,94,1.77e-39
Seq_2_Pos_1769327,JX298823,Pseudomonas sp. DN13,94,1.77e-39
Seq_2_Pos_1769327,JX436407,Pseudomonas sp. Wash8.2,94,1.77e-39
Seq_2_Pos_1769327,JX436406,Pseudomonas sp. Wash8.1,94,1.77e-39
Seq_2_Pos_1769327,JX436402,Pseudomonas sp. Man1(2012),94,1.77e-39
Seq_2_Pos_1769327,JX126819,uncultured bacterium,94,1.77e-39
Seq_2_Pos_1769327,JX114798,Pseudomonas sp. ZH3,94,1.77e-39
Seq_2_Pos_1769327,MT765020,Pseudomonas sp.,94,1.77e-39
Seq_2_Pos_1769327,JN214051,uncultured bacterium,94,1.77e-39
Seq_2_Pos_1769327,JQ830029,Pseudomonas putida,94,1.77e-39
Seq_2_Pos_1769327,JQ799067,Pseudomonas marincola,94,1.77e-39
Seq_2_Pos_1769327,JQ792904,uncultured Pseudomonas sp.,94,1.77e-39
Seq_2_Pos_1769327,JQ791185,Pseudomonas sp. DR17,94,1.77e-39
Seq_2_Pos_1769327,JQ791184,Pseudomonas sp. DR13,94,1.77e-39
Seq_2_Pos_1769327,JQ288667,uncultured Pseudomonas sp.,94,1.77e-39
Seq_2_Pos_1769327,JF973430,Halopseudomonas pachastrellae,94,1.77e-39
Seq_2_Pos_1769327,JN848336,Pseudomonas sp. MAN 1,94,1.77e-39
Seq_2_Pos_1769327,JQ595304,Pseudomonas oleovorans;gamma proteobacterium PP3,94,1.77e-39
Seq_2_Pos_1769327,JN627951,Pseudomonas sp. enrichment culture clone NB-27,94,1.77e-39
Seq_2_Pos_1769327,JQ032612,uncultured bacterium,94,1.77e-39
Seq_2_Pos_1769327,JQ032609,uncultured bacterium,94,1.77e-39
Seq_2_Pos_1769327,JQ032608,uncultured bacterium,94,1.77e-39
Seq_2_Pos_1769327,JQ032607,uncultured bacterium,94,1.77e-39
Seq_2_Pos_1769327,JQ032602,uncultured bacterium,94,1.77e-39
Seq_2_Pos_1769327,JQ032595,uncultured bacterium,94,1.77e-39
Seq_2_Pos_1769327,JN591767,Azotobacter tropicalis,94,1.77e-39
Seq_2_Pos_1769327,AB681884,Azomonas insignis,94,1.77e-39
Seq_2_Pos_1769327,JN846905,uncultured bacterium,94,1.77e-39
Seq_2_Pos_1769327,JN791083,gamma proteobacterium enrichment culture clone TrichENCH4D06,94,1.77e-39
Seq_2_Pos_1769327,AP022473,Pseudomonas monteilii,94,1.77e-39
Seq_2_Pos_1769327,AP022473,Pseudomonas monteilii,91,8.25e-38
Seq_2_Pos_1769327,AP022473,Pseudomonas monteilii,91,8.25e-38
Seq_2_Pos_1769327,AP022473,Pseudomonas monteilii,91,8.25e-38
Seq_2_Pos_1769327,AP022473,Pseudomonas monteilii,91,8.25e-38
Seq_2_Pos_1769327,AP022473,Pseudomonas monteilii,91,8.25e-38
Seq_2_Pos_1769327,AP022473,Pseudomonas monteilii,91,8.25e-38
Seq_2_Pos_1769327,MN929443,uncultured bacterium,94,1.77e-39
Seq_2_Pos_1769327,MT936498,Pseudomonas sp.,94,1.77e-39
Seq_2_Pos_1769327,MH814622,Pseudomonas sp.,94,1.77e-39
Seq_2_Pos_1769327,MT830169,Pseudomonas sp.,94,1.77e-39
Seq_2_Pos_1769327,MT829526,Pseudomonas sp.,94,1.77e-39
Seq_2_Pos_1769327,MT774913,uncultured bacterium,94,1.77e-39
Seq_2_Pos_1769327,LC569776,Pseudomonas sp.,94,1.77e-39
Seq_2_Pos_1769327,HM584234,Pseudomonas marincola,94,1.77e-39
Seq_2_Pos_1769327,JN018734,uncultured bacterium,94,1.77e-39
Seq_2_Pos_1769327,JN018725,uncultured bacterium,94,1.77e-39
Seq_2_Pos_1769327,JN018717,uncultured bacterium,94,1.77e-39
Seq_2_Pos_1769327,JN244789,uncultured marine bacterium,94,1.77e-39
Seq_2_Pos_1769327,JN244785,uncultured marine bacterium,94,1.77e-39
